Date,ppt (mm),tmin (degrees C),tmean (degrees C),tmax (degrees C),tdmean (degrees C),vpdmin (hPa),vpdmax (hPa)
1895-01,67.45,7.7,12.5,17.4,6.6,1.06,9.33
1895-02,80.83,3.7,7.9,12.2,2.6,1.07,5.99
1895-03,71.82,12.5,17.5,22.4,11.1,1.58,12.61
1895-04,55,14.9,20.7,26.4,13.5,1.94,18.3
1895-05,123.21,19.1,23.3,27.5,17.8,2.02,15.72
1895-06,163.34,23.4,27.1,30.8,22.3,2.1,17.07
1895-07,152.73,23.9,28.7,33.4,22.8,2.21,23.71
1895-08,134.77,23.9,28.6,33.3,22.2,2.83,24.14
1895-09,48.07,22.7,27.3,31.9,20.8,2.8,22.26
1895-10,85.21,13.9,20.2,26.5,12.1,1.92,20.25
1895-11,116.52,10.7,16,21.4,9.5,1.23,12.33
1895-12,82.73,7.6,13.2,18.9,6.9,1.05,11.15
1896-01,108.42,8,12.7,17.4,7.4,1.04,9.09
1896-02,97.25,9.2,14.6,20.1,7.8,1.32,12.51
1896-03,79.46,11.9,16.8,21.6,10.3,1.6,12.25
1896-04,96.34,18.3,21.8,25.4,16.9,1.98,12.07
1896-05,55.84,21.9,26.5,31.1,20.6,2.31,20.1
1896-06,101.85,22.9,28.7,34.5,21.6,2.39,29.68
1896-07,36.76,24.2,29.2,34.2,22.7,2.67,26.66
1896-08,99.32,24.1,29.3,34.6,22.1,3.08,28.79
1896-09,122.17,21.6,26.7,31.7,19.6,2.71,23.14
1896-10,142.37,16.4,21.1,25.9,15,1.86,15.2
1896-11,113.98,13.7,18.2,22.6,12.9,1.33,11.5
1896-12,47.09,7.3,13.3,19.3,6.8,1.22,11.67
1897-01,117.14,5.8,10.1,14.3,5.1,1.08,7
1897-02,31.61,10.2,14.8,19.4,9,1.3,10.3
1897-03,113.53,15.7,20,24.4,14.8,1.5,13.12
1897-04,87.43,15.4,20.5,25.6,13.7,1.92,16.22
1897-05,93.64,18.4,23.4,28.5,17.2,1.91,19
1897-06,71.5,22.9,27.7,32.5,21.5,2.45,23.67
1897-07,60.85,24.3,29.7,35.2,22.7,2.88,30.01
1897-08,167.97,24.2,28.7,33.2,22.4,2.98,23.91
1897-09,57.23,20.1,25.4,30.7,18,2.66,23.42
1897-10,118.58,18,23.4,28.9,16.5,2.04,20.48
1897-11,50.38,12.3,17.4,22.5,10.9,1.57,13.26
1897-12,137.68,7.3,11.7,16,6.5,1.1,7.79
1898-01,112.12,9.2,14,18.8,8.8,1.02,9.73
1898-02,95.24,9.5,15,20.4,8.4,1.27,12.15
1898-03,82.95,13.4,17.3,21.3,12.2,1.54,10.15
1898-04,89.3,14.4,19.5,24.5,12.8,1.81,15.25
1898-05,55.04,19.9,24.5,29,18.4,2.32,18.39
1898-06,140.23,23.3,27.9,32.6,22.1,2.22,22.19
1898-07,72.5,23.6,28.4,33.2,22.3,2.46,23.98
1898-08,104.91,23.8,28.7,33.6,22,2.91,25.44
1898-09,116.05,22.2,27,31.7,20.4,2.69,22.77
1898-10,58.98,14,20.5,27,12.2,1.9,21.36
1898-11,106,9.6,14.4,19.2,8.1,1.45,10.66
1898-12,69.28,4.8,10.2,15.7,3.7,1,8.81
1899-01,114.5,7,11.6,16.2,6.1,1.11,8.23
1899-02,41.32,3.4,8.3,13.3,1.9,1.15,7.28
1899-03,40.17,12.8,18.5,24.1,11.1,1.75,16.35
1899-04,112.4,15.3,20.1,25,13.8,1.78,15.12
1899-05,43.88,22.9,27.8,32.8,21.3,2.76,24.14
1899-06,235.65,22.7,27.4,32.1,21.7,1.99,22.12
1899-07,64.71,23.9,29.5,35.2,22.6,2.44,29.89
1899-08,134.01,24.4,30.2,35.9,22.5,3.26,33.33
1899-09,60.44,19.8,25.9,31.9,17.6,2.72,27.51
1899-10,94.89,17.6,22.7,27.8,16.2,1.96,18.46
1899-11,65.34,10.8,16.7,22.6,10.1,1.26,14.2
1899-12,142.05,7.1,11.8,16.5,6.7,1.02,8.25
1900-01,170.11,7.5,12.2,16.9,7.1,0.98,8.46
1900-02,80.06,6.7,12.1,17.5,5.5,1.23,10.15
1900-03,149.32,11.7,16.9,22.1,10.7,1.42,13.04
1900-04,203.99,15.5,20,24.5,14.9,1.37,13.24
1900-05,157.19,19.4,24.2,29.1,18.1,1.81,18.96
1900-06,161.13,23,28,32.9,21.9,2.05,24.07
1900-07,289.26,23.7,27.7,31.8,23.2,1.61,18.48
1900-08,225.9,23.2,27.5,31.8,22.3,2.09,19.95
1900-09,99.74,23.7,28.1,32.4,22.4,2.51,22.11
1900-10,83.78,17.2,22.7,28.3,16.1,1.74,19.89
1900-11,80.1,11.9,17.7,23.5,10.9,1.44,15.09
1900-12,82.6,7,12.6,18.3,6.4,1.07,10.78
1901-01,37.92,9,14,19.1,8.2,1.14,10.44
1901-02,54.72,7.2,12.5,17.8,6.1,1.16,10.09
1901-03,52.55,10.7,17,23.4,8.7,1.75,16.74
1901-04,64.66,13.3,19,24.7,11.7,1.79,16.7
1901-05,56.59,18.6,24,29.4,17.2,2,21.17
1901-06,64.67,22.5,28.3,34,21.2,2.18,29
1901-07,133.23,24.6,29.1,33.7,23,2.67,24.61
1901-08,78.61,24.8,29.6,34.4,22.4,3.65,27.75
1901-09,116.64,21.8,26,30.2,19.9,2.59,19.73
1901-10,71.59,16.6,22.2,27.7,14.7,2.11,20.29
1901-11,36.5,11.2,17.2,23.2,9.9,1.5,15.53
1901-12,76.94,5,12,19.1,4.7,0.95,12.76
1902-01,44.84,5.1,11,17,4.5,1.03,10.25
1902-02,65.96,6.2,11.8,17.4,5,1.21,10.28
1902-03,50.08,12.7,18,23.3,11.1,1.7,14.67
1902-04,96.05,17.3,21.8,26.3,15.7,2.09,15.71
1902-05,97.19,21.8,25.8,29.8,20.5,2.22,18.03
1902-06,141.26,22.4,28,33.6,21.3,1.96,27.96
1902-07,150.23,23.7,28.2,32.7,22.7,2.02,22.38
1902-08,12.87,24.2,29.5,34.8,22.2,3.12,30.3
1902-09,214.18,20.5,26,31.5,19.2,2.11,24.14
1902-10,81.32,16,21.8,27.7,14.5,1.91,20.28
1902-11,205.43,14.6,19.1,23.7,14.5,1,12.08
1902-12,74.09,8.5,13.6,18.6,7.7,1.14,10.2
1903-01,104.25,7.3,12.1,16.8,6.4,1.01,8.81
1903-02,181.19,7.9,12.3,16.7,7.4,1.06,7.94
1903-03,150.42,13.4,17.5,21.5,12.5,1.36,10.45
1903-04,54.89,15.2,20.2,25.2,13.4,1.96,16.15
1903-05,62.24,18.9,23.3,27.6,17.3,2.17,16.89
1903-06,122.15,20.2,25.4,30.5,19.2,1.87,21.23
1903-07,203.02,23.5,28,32.4,22.8,1.88,21.25
1903-08,150.33,23.9,28.2,32.5,22.5,2.55,21.81
1903-09,29.57,19.9,25.4,31,17.8,2.55,24.62
1903-10,92.3,14.3,20.4,26.5,12.8,1.72,19.39
1903-11,8.27,10.3,15.8,21.3,8.4,1.65,13.51
1903-12,81.81,6.6,12.6,18.6,5.7,1.13,11.38
1904-01,25.82,4.6,11,17.4,3.7,1.1,11.18
1904-02,52.07,10.2,15.9,21.6,9,1.36,13.63
1904-03,21.73,14.2,19.3,24.4,12.9,1.69,14.92
1904-04,97.46,15.6,20.3,25,14,1.91,15.22
1904-05,150.04,18.1,23,27.9,17.2,1.66,17.72
1904-06,115.75,22.5,27,31.5,21.6,1.88,20.48
1904-07,117.77,22.7,27.6,32.4,22,1.92,22.18
1904-08,93.94,22,27.2,32.4,21,2.16,23.99
1904-09,76.85,21.6,26.8,32,20.3,2.35,24.8
1904-10,71.14,16.2,22.3,28.5,14.8,1.85,21.85
1904-11,53.52,9.7,16.4,23.1,8.8,1.3,16.15
1904-12,142.13,6.5,12.4,18.3,6.5,0.92,10.74
1905-01,61.55,5.7,10.6,15.5,4.8,1.12,8.36
1905-02,105.09,2.5,7.5,12.5,1.5,1.05,6.99
1905-03,194.47,14.2,18.8,23.4,13.6,1.35,12.42
1905-04,233.3,16.4,20.8,25.3,15.5,1.55,13.93
1905-05,119.64,21.7,25.7,29.7,20.4,2.21,17.08
1905-06,172.79,24,28.4,32.9,22.5,2.32,22.65
1905-07,99.75,23.2,27.9,32.6,21.8,2.09,23.87
1905-08,44.63,25.1,30,34.9,22.4,3.57,30.62
1905-09,33.37,22.4,27.9,33.5,20.5,2.79,27.96
1905-10,62.39,16.7,22.3,27.9,15.3,1.86,19.94
1905-11,127.08,13.7,18.7,23.7,13.1,1.27,13.5
1905-12,126.24,5,10.3,15.6,4.5,1,8.41
1906-01,46.12,6.2,12.6,19,4.8,1.12,11.45
1906-02,61.24,6.2,12,17.9,4.5,1.26,10.7
1906-03,37.67,10,15.5,20.9,7.8,1.62,12.97
1906-04,66.5,16.7,21.1,25.5,14.8,1.9,15.19
1906-05,48.79,19,24.6,30.1,17.6,1.88,22.12
1906-06,54.08,23.6,29,34.4,21.6,2.72,28.7
1906-07,170.89,24.1,28.6,33.2,22.7,2.22,22.79
1906-08,74.52,23.8,28.2,32.6,21.6,2.76,24.18
1906-09,122.28,22.9,27.4,31.9,20.4,2.63,23.3
1906-10,92.05,14,19.7,25.4,11.3,1.77,17.79
1906-11,31.86,11.9,17.7,23.6,9.8,1.43,14.59
1906-12,75.28,10.8,15.9,21.1,10.3,1.11,11.85
1907-01,48.75,12.7,17.4,22.2,11,1.01,11.8
1907-02,73.47,9.2,15.5,21.9,6.7,1.39,14.75
1907-03,62.72,17.6,22.4,27.3,15.4,1.83,17.46
1907-04,79.03,14.6,19.9,25.2,12,1.83,16.97
1907-05,320.59,17.9,22.5,27,16.5,1.5,15.79
1907-06,21.97,22,27.2,32.4,20.7,2.17,24.53
1907-07,50.02,23.2,28.6,34,22,2.22,27.98
1907-08,73.14,23.4,29.1,34.8,21.7,2.82,31.96
1907-09,90.19,21,27.1,33.1,19.2,2.62,29.26
1907-10,197.01,17.6,22.3,26.9,16,1.78,16.11
1907-11,247.65,9.9,14.6,19.4,9.3,1.13,10.1
1907-12,81.51,8,13.4,18.8,7.6,1.04,10.47
1908-01,55.19,7.7,13,18.3,7.1,1.09,9.98
1908-02,143.11,7.9,13.4,19,6.8,1.25,11.15
1908-03,60.88,16,20.6,25.3,14.1,1.71,15.22
1908-04,154.37,18.1,22.8,27.4,16.1,1.6,16.95
1908-05,131.33,20.1,24.8,29.6,18.4,1.95,19.4
1908-06,102.21,23.5,28.1,32.7,22.1,2.23,23.11
1908-07,128.4,23,28,33,22,2.05,24.86
1908-08,170.15,23.6,28.5,33.5,21.8,2.67,26.19
1908-09,139.47,20.7,25.8,31,19,2.37,22.78
1908-10,56.51,13.3,19.8,26.3,11.4,1.87,20.38
1908-11,71.32,11.7,17.6,23.5,10,1.42,15.64
1908-12,59.69,9.8,15.1,20.4,9.3,1.14,11.56
1909-01,4.24,9.4,14.8,20.1,8.9,1.11,11.43
1909-02,42.24,9,15.5,21.9,6.7,1.52,15.11
1909-03,37.9,12,18.1,24.1,10.4,1.69,16.82
1909-04,68.89,15.1,20.6,26,13.4,1.95,17.62
1909-05,147.24,18.4,23.7,28.9,17.4,1.75,19.46
1909-06,98.94,22.7,27.8,32.8,21.4,2.25,24.39
1909-07,105.09,24.1,29.3,34.5,22.8,2.35,27.72
1909-08,68.89,23.8,29.4,34.9,22,2.96,30.49
1909-09,24.27,19.8,26.4,32.9,17.7,2.61,30.75
1909-10,95.47,15.3,22,28.8,13.5,2,24.05
1909-11,96.52,15.7,20.8,25.9,14.7,1.54,16.14
1909-12,89.66,4.6,10.3,16.1,3.9,1.03,9.29
1910-01,41.24,7.5,13.5,19.4,6.9,1.08,11.71
1910-02,69.4,5.5,11.3,17,4.2,1.23,10.49
1910-03,35.01,12.9,19.5,26.1,11.5,1.63,19.79
1910-04,65.17,13.9,20.3,26.8,12.4,1.78,20.52
1910-05,159.8,18.5,24.1,29.7,17.6,1.63,21.54
1910-06,109.75,20.4,26.5,32.7,19.7,1.6,27.44
1910-07,95.1,22.9,28.6,34.4,21.9,2.03,29.2
1910-08,61.12,23.9,29.7,35.4,21.9,3.05,32.75
1910-09,65,21.8,27.3,32.8,19.8,2.78,27.59
1910-10,49.56,15.6,21.5,27.4,13.7,1.98,20.82
1910-11,27.7,12.2,18.3,24.5,10.9,1.52,17.39
1910-12,124.88,9.2,14.3,19.5,8.4,1.11,10.93
1911-01,6.91,11,16.3,21.7,10.6,1.12,12.52
1911-02,50.62,12.3,17.2,22.1,11.5,1.29,12.28
1911-03,99.82,13.2,18.9,24.7,12.5,1.33,15.86
1911-04,225.9,17.1,21.5,25.9,16.2,1.62,14.57
1911-05,92.22,17.6,23.4,29.3,16.7,1.73,21.59
1911-06,71.67,22.2,28.4,34.7,20.9,2.22,31.61
1911-07,140.35,23.2,27.7,32.2,22.3,2.02,21.13
1911-08,35.46,23.6,29.1,34.7,21.6,3.09,30.22
1911-09,77.42,23.2,28.4,33.7,21.3,2.84,27.58
1911-10,83.49,16.6,21.9,27.2,15.2,1.9,18.34
1911-11,59.56,8.6,14.7,20.9,7.2,1.41,13.88
1911-12,291.25,7.1,11.8,16.5,7,0.89,8.08
1912-01,33.39,4,10.1,16.2,2.8,1.12,10.21
1912-02,72.57,5.2,11.2,17.2,3.6,1.27,10.97
1912-03,93.37,9.5,14.6,19.7,8.2,1.44,11.24
1912-04,142.62,16.4,20.7,25,15.1,1.76,13.93
1912-05,93.5,19.3,24.5,29.7,18.1,1.88,20.63
1912-06,95.88,21.3,26.1,31,20,2.18,21.3
1912-07,63.52,23.5,28.9,34.3,22.1,2.52,28.03
1912-08,128.99,24,29.2,34.4,22.1,2.94,28.35
1912-09,49.38,21.6,27.4,33.2,19.6,2.85,28.73
1912-10,88.19,16.9,22.3,27.7,15.5,1.96,19.05
1912-11,37.98,8.5,15.4,22.2,7.2,1.4,15.94
1912-12,206.67,7,11.7,16.3,6.7,1,8.07
1913-01,78.62,7,12.2,17.5,6.7,0.98,9.51
1913-02,95.18,6.9,12.3,17.6,5.8,1.21,9.92
1913-03,83.29,9.8,15.3,20.9,8.3,1.56,13.01
1913-04,96.96,13,19.1,25.2,11.5,1.78,17.83
1913-05,69.98,17.7,23.6,29.5,16.4,1.93,22.58
1913-06,60.54,21.5,26.5,31.5,20,2.34,22.92
1913-07,33.87,23.4,29.1,34.8,22,2.51,30.89
1913-08,54.58,23.2,28.7,34.3,21.3,2.91,29.47
1913-09,225.16,20.7,24.8,28.9,19.3,2.06,17.1
1913-10,184.52,15.4,20,24.7,14,1.73,14.54
1913-11,119.27,14.5,19.4,24.3,13.6,1.48,14.35
1913-12,161.01,8.3,12.2,16.2,7.5,1.13,7.44
1914-01,14.81,7.1,13.4,19.7,6.5,1.09,12.44
1914-02,90.21,5.6,11.2,16.8,4.4,1.21,10.06
1914-03,130.22,8.5,14.2,19.8,6.9,1.54,12.39
1914-04,152.35,14.8,19.6,24.5,13.5,1.67,14.63
1914-05,260.31,19.9,23.6,27.4,18.6,1.9,14.6
1914-06,23.14,22.6,28,33.4,21.1,2.54,27.16
1914-07,34.35,23.4,29.2,34.9,21.8,2.66,31.23
1914-08,207.61,23.5,27.4,31.2,22.1,2.51,18.76
1914-09,56.64,20.4,25.6,30.8,18.3,2.68,23.36
1914-10,99.65,15.9,21,26,14.5,1.89,16.65
1914-11,164.97,11.8,16.2,20.7,10.7,1.38,10.82
1914-12,185.82,5.6,9.8,14.1,4.7,1.12,5.95
1915-01,96.1,5.3,11.2,17,4.5,1.07,9.11
1915-02,73.38,8.1,14.2,20.3,7.1,1.26,11.91
1915-03,55.92,6.6,12,17.4,4.5,1.53,10.5
1915-04,158.88,15.2,19.6,24.1,13.9,1.7,13.37
1915-05,56.81,19.7,24.3,29,17.9,2.36,19.09
1915-06,29.04,23.1,28.5,33.8,21.4,2.7,27.81
1915-07,70.2,23.8,28.9,34,22.3,2.56,26.57
1915-08,395.66,23.5,28,32.6,22.5,2.06,21.92
1915-09,62,22.4,27.1,31.8,20.7,2.61,22.35
1915-10,17.04,16.2,22.5,28.8,14.5,2.02,22.83
1915-11,56.86,12,18.6,25.3,11.1,1.39,18.34
1915-12,130.02,8,14.3,20.6,7.9,0.95,12.83
1916-01,95.75,10.6,15.4,20.2,10.4,0.97,10.33
1916-02,4.82,7.9,14.7,21.4,6.6,1.33,15.03
1916-03,3.38,12.5,19.5,26.4,10.7,1.8,20.82
1916-04,61.03,13.9,19.8,25.7,12.5,1.71,17.98
1916-05,172.49,19.7,24.6,29.5,18.7,1.87,19.35
1916-06,72.05,23.2,28.1,33,21.7,2.52,24.39
1916-07,102.67,24.4,29.1,33.8,22.9,2.62,24.85
1916-08,128.26,24.1,28.5,32.8,22.3,2.99,22.68
1916-09,59.14,20.8,26.3,31.8,18.7,2.73,25.57
1916-10,40.51,15.5,22.2,29,13.6,2.05,24.04
1916-11,57.21,8.9,16.4,23.8,7.8,1.33,18.29
1916-12,62.86,7.4,14.1,20.8,7.1,0.99,13.73
1917-01,50.03,9,13.8,18.6,8.4,1.11,9.74
1917-02,47.19,9,15.4,21.8,7.6,1.42,14.43
1917-03,33.84,12.7,17.7,22.8,11.2,1.66,13.84
1917-04,73.51,14.1,19.8,25.4,12.6,1.78,17.36
1917-05,76.03,17,22,27.1,15.6,1.93,17.62
1917-06,17,21.5,27.3,33.1,20.1,2.27,27.75
1917-07,117.71,23.7,29.1,34.4,22.3,2.5,27.99
1917-08,72.03,23.4,29.3,35.2,21.6,2.86,32.17
1917-09,46.47,20.1,25.8,31.6,18,2.66,26.2
1917-10,14.69,13,20,27,10.8,2.03,22.61
1917-11,29.2,8.1,15.9,23.7,6.8,1.37,19.04
1917-12,14.81,6.6,11.7,16.8,5.4,1.23,9.47
1918-01,22.32,1.8,9.2,16.5,0.5,1.09,11.69
1918-02,70.65,9.3,14.8,20.3,8.3,1.25,12.12
1918-03,66.17,13.8,19.6,25.5,12.6,1.61,17.49
1918-04,155.63,15.8,20.6,25.5,14.4,1.77,15.52
1918-05,51.92,20.4,24.7,29,18.7,2.36,18.24
1918-06,64.18,23.7,28.9,34.2,22.3,2.52,27.56
1918-07,71.8,23.4,29.4,35.5,22,2.45,32.78
1918-08,99.7,24.3,29.1,33.9,22.3,3.21,26.29
1918-09,69.36,18.4,24.3,30.3,16.6,2.37,24.43
1918-10,147.71,17.5,22.2,26.9,16.5,1.78,16.38
1918-11,162.07,10.5,15.1,19.7,9.9,1.14,10.15
1918-12,89.29,9.1,13.8,18.5,8.5,1.07,9.67
1919-01,147.95,6,10.8,15.6,5.4,0.98,8.13
1919-02,83.4,8.4,13,17.6,7.3,1.2,9.36
1919-03,76.89,11,16.5,21.9,9.8,1.45,13.52
1919-04,41.25,15.3,20.3,25.4,13.5,1.96,16.35
1919-05,226.57,18.3,22.9,27.5,17.3,1.69,16.39
1919-06,395.57,21.4,25.4,29.4,21,1.44,15.63
1919-07,222.55,23.7,27.9,32,22.8,2.02,19.71
1919-08,103.89,24.3,28.4,32.6,22.5,2.96,22.05
1919-09,122.57,22.2,26.1,30,20.6,2.49,18.1
1919-10,224.88,21.3,24.6,27.8,20.6,1.59,12.7
1919-11,48.62,12.9,17.9,22.9,11.9,1.46,13.31
1919-12,65.91,7.5,13,18.5,6.8,1.08,10.64
1920-01,187.67,6.9,11.5,16.1,6.7,0.88,7.92
1920-02,37.85,10.1,14.9,19.7,9,1.33,10.7
1920-03,44.43,11.7,16.5,21.4,9.8,1.67,12.46
1920-04,45.64,15,20.5,26,12.9,2.1,18.33
1920-05,137.28,21.1,25.3,29.5,19.6,2.08,18.17
1920-06,167.23,21.8,26.3,30.7,20.8,1.94,19.48
1920-07,81.46,23.9,28.5,33,22.5,2.36,23.1
1920-08,213.96,23.8,27.5,31.1,22.4,2.4,18.05
1920-09,49.08,22.5,27.3,32,20.6,2.88,23.66
1920-10,120.68,16.7,21.5,26.4,15.2,1.87,16.71
1920-11,97.77,10.2,15,19.7,8.8,1.44,10.97
1920-12,88.24,7.8,13.4,18.9,7.1,1.11,11.11
1921-01,82.85,10.9,15.4,19.8,10.6,1.03,9.76
1921-02,41.23,9.1,14.7,20.4,7.6,1.41,12.64
1921-03,95.65,16.4,20.6,24.8,15.9,1.35,12.56
1921-04,117.91,14.7,19.6,24.4,13.4,1.7,14.34
1921-05,47.77,18.6,23.9,29.2,17.1,2.02,20.62
1921-06,225.17,22.5,26.8,31.1,21.9,1.6,18.89
1921-07,132.01,23.7,28.1,32.6,22.6,2.18,21.55
1921-08,44.17,23.6,28.9,34.1,21.7,2.88,28.18
1921-09,124.85,23.4,27.6,31.7,22.2,2.36,20.18
1921-10,23.19,15.5,21.5,27.4,13.5,2.21,21.1
1921-11,37.13,14.1,19.6,25.1,12.8,1.64,16.76
1921-12,105.38,10.2,15.9,21.6,9.9,1.08,12.86
1922-01,149.13,6.9,10.6,14.2,6.4,0.99,6.13
1922-02,59.62,11.1,15.7,20.3,10.3,1.29,10.8
1922-03,239.97,11.3,16.2,21.2,9.9,1.36,12
1922-04,130.66,17.7,21.9,26.2,16.5,1.82,14.7
1922-05,151.66,20.8,25.5,30.2,19.8,1.87,19.35
1922-06,151.75,22.9,27.4,31.8,21.8,2.12,20.97
1922-07,54.18,23.5,28.3,33.1,22.3,2.19,23.5
1922-08,43.32,23.8,29,34.2,21.8,3.12,28.2
1922-09,67.62,22.2,26.9,31.7,20.2,2.88,23.2
1922-10,85.91,15.9,21.8,27.8,13.8,2.17,21.43
1922-11,127,13.6,18,22.4,12.5,1.45,11.79
1922-12,70.2,11.7,16.4,21.1,11.1,1.23,11.26
1923-01,44.28,11.4,16.7,21.9,10.6,1.22,12.65
1923-02,124.62,9.9,13.7,17.6,9.1,1.16,7.94
1923-03,137.82,10.6,15.5,20.4,9.3,1.5,11.47
1923-04,235.33,16.9,21.1,25.2,16,1.56,13.08
1923-05,96.2,19.7,24.6,29.5,18.4,2.1,19.68
1923-06,141,23.2,27.8,32.3,22.1,2.07,21.5
1923-07,55.61,23.5,28.2,33,22.2,2.3,23.5
1923-08,108.6,23.5,28.6,33.6,22,2.62,25.84
1923-09,160.01,22.1,26.3,30.6,20.7,2.27,19.26
1923-10,72.03,16.4,21,25.5,15,1.79,15.21
1923-11,105.49,10.8,15.2,19.6,9.5,1.48,10.16
1923-12,335.28,11.7,14.9,18.1,11.3,1.08,6.79
1924-01,115.6,4.6,9.7,14.8,3.5,1.09,8.21
1924-02,129.47,8.3,13.1,17.9,7,1.32,9.74
1924-03,61.38,10.2,14.9,19.7,8.2,1.67,11.3
1924-04,88.81,16,20.4,24.9,14.2,2,14.38
1924-05,168.4,18.3,23.2,28.1,16.9,1.97,18.39
1924-06,97.42,23.3,28,32.7,22.1,2.22,22.83
1924-07,47.55,23.1,28.3,33.5,21.6,2.5,26.74
1924-08,26.44,24.3,29.9,35.5,22.1,3.3,32.45
1924-09,40.66,20.7,26.2,31.7,18.6,2.83,26.05
1924-10,7.92,16.7,22.6,28.6,14.1,2.46,23.01
1924-11,32.12,13.4,19,24.7,11.9,1.71,16.54
1924-12,94.23,7.9,12.3,16.6,7.1,1.15,8
1925-01,122.12,5.1,10.6,16.1,4.2,1.07,9.24
1925-02,15.03,10.9,16.6,22.3,8.9,1.69,14.72
1925-03,20.91,13.8,19.3,24.8,11.9,1.93,16.58
1925-04,51.75,17.7,22.9,28.2,15.9,2.29,19.95
1925-05,48.39,18.3,24.4,30.5,16.5,2.19,24.66
1925-06,74.83,23.4,28.2,32.9,22,2.39,23.74
1925-07,65.62,24,29.3,34.5,22.6,2.5,27.65
1925-08,98.32,23.3,28.9,34.6,21.6,2.74,30.36
1925-09,111.85,23.2,27.5,31.8,21.6,2.66,21.38
1925-10,223.61,16.8,21,25.3,16.2,1.47,13.83
1925-11,207.49,11.5,16.1,20.8,10,1.48,11.38
1925-12,74.13,5.5,10.2,14.9,4.5,1.15,7.68
1926-01,128.81,6.3,10.4,14.5,4.9,1.13,7.15
1926-02,24.91,10.4,16,21.5,8.6,1.59,13.56
1926-03,224.64,10.8,14.8,18.7,10,1.32,8.61
1926-04,103.57,14.3,18.9,23.6,12.8,1.72,13.45
1926-05,95.74,18.5,23.2,28,17,2.11,17.78
1926-06,115.08,22.1,27,31.8,21,2.15,22.44
1926-07,83.05,23.5,27.9,32.3,22.3,2.24,21.27
1926-08,161.39,23.8,28.2,32.7,22.3,2.65,22.72
1926-09,61.98,23.5,27.8,32.2,21.5,3.06,22.47
1926-10,129.09,19.5,23.9,28.3,18.2,2.14,17.52
1926-11,61.06,10.4,15.4,20.5,8.4,1.68,12.23
1926-12,125.82,9.4,13.8,18.2,9.1,1.01,8.9
1927-01,59.99,9.6,14.4,19.2,8.7,1.19,10.39
1927-02,47.11,12.3,17.2,22.2,11.6,1.3,12.37
1927-03,86.29,12.5,17.2,21.9,10.8,1.71,12.39
1927-04,84.01,17.8,22.3,26.9,16.5,1.89,16.07
1927-05,26.33,21.4,25.8,30.3,20,2.26,19.42
1927-06,151.55,22.5,26.9,31.2,21.8,1.82,19.13
1927-07,116.17,23.9,28.6,33.3,22.5,2.49,23.88
1927-08,0.41,24.2,29.7,35.3,21.6,3.62,32.55
1927-09,97.66,21.8,26.7,31.5,20,2.66,23.4
1927-10,69.11,17.9,23.3,28.7,15.9,2.38,21.23
1927-11,52.18,16,21,25.9,15.1,1.59,15.9
1927-12,174.22,6.6,11.1,15.6,6.5,0.97,7.65
1928-01,12.63,7.3,12.1,16.8,5.9,1.24,8.87
1928-02,97.29,8.8,13.1,17.4,8.1,1.14,8.43
1928-03,45.89,13,18.1,23.1,11.6,1.65,14.01
1928-04,51.74,13,17.6,22.2,11.5,1.7,12.37
1928-05,54.1,18.8,24.1,29.3,17.3,2.17,20.59
1928-06,126.1,22.5,26.9,31.2,21.9,1.64,18.86
1928-07,80.04,24.2,29,33.9,22.6,2.69,25.97
1928-08,61.98,24.5,29.3,34,22.4,3.28,26.76
1928-09,97.08,20.6,24.8,29.1,19,2.41,17.99
1928-10,86.8,18.5,23.5,28.4,16.7,2.32,19.67
1928-11,87.32,11.3,15.9,20.5,10.1,1.41,11.2
1928-12,115.85,7.4,12.4,17.3,6.6,1.12,9.37
1929-01,112.96,8.3,13.1,18,7.8,1.04,9.39
1929-02,41.27,5.1,9.8,14.4,4.5,1.06,7.27
1929-03,80.9,13.9,18.4,22.8,12.7,1.62,12.27
1929-04,187.46,18.4,22.6,26.8,17.4,1.74,14.57
1929-05,328.13,19.2,23.5,27.8,18.7,1.45,15.2
1929-06,76.74,22.5,27.4,32.4,21.3,2.16,23.23
1929-07,118.61,23.6,27.9,32.3,22.5,2.15,21.23
1929-08,39.61,23.7,28.9,34.1,21.5,3.27,28.79
1929-09,16.7,21.5,26.8,32.1,19.2,2.87,25.94
1929-10,90.17,17.3,22.4,27.5,15.6,2.15,18.93
1929-11,163.11,8.6,13.1,17.6,8.2,1.09,8.77
1929-12,51.49,7.5,12.5,17.4,6.4,1.19,9.36
1930-01,103.67,3.3,8,12.7,2.6,1.04,6.73
1930-02,67.86,12.1,16.4,20.8,11.2,1.33,10.48
1930-03,54.6,10,14.4,18.8,8.3,1.62,9.83
1930-04,23.76,16.9,22.1,27.4,14.5,2.48,19.28
1930-05,152.1,20.2,23.8,27.4,19.1,1.88,14.1
1930-06,21.53,21.7,26.9,32.1,20.1,2.44,24.58
1930-07,62.45,24,29.1,34.2,22.2,2.87,28.14
1930-08,65.81,24.1,29.5,34.9,21.8,3.67,30.4
1930-09,76.25,21.7,26.6,31.4,20.1,2.73,22.42
1930-10,179.41,16.6,21.1,25.6,15.6,1.69,14.89
1930-11,83.42,11.5,15.8,20,10.4,1.42,9.91
1930-12,106.22,6.7,10.6,14.5,5.7,1.19,6.91
1931-01,95.21,7.9,12,16.1,6.8,1.25,7.64
1931-02,130.01,10.6,14.8,19.1,9.7,1.3,9.47
1931-03,78.31,8.4,13.5,18.6,6.6,1.56,11.01
1931-04,75.06,13.3,18.1,22.9,11.6,1.74,13.5
1931-05,51.98,17.5,22.2,27,15.7,2.21,17.73
1931-06,39.04,22.5,27.5,32.5,20.9,2.77,24.97
1931-07,90.56,24.3,29,33.7,22.8,2.89,25.13
1931-08,89.66,23,27.8,32.6,21.2,3.05,24.13
1931-09,19.68,22.5,27.7,32.9,20.4,3.23,27.22
1931-10,39.83,19.2,24.4,29.6,17.8,2.21,21.27
1931-11,108.86,15.2,19.9,24.6,14.3,1.5,14.17
1931-12,170.79,9.8,13.7,17.5,9.8,0.97,7.2
1932-01,179.29,10.2,14.2,18.3,10.2,0.9,7.83
1932-02,115.73,14.2,18.3,22.3,13.1,1.41,10.82
1932-03,43.01,9.1,14.4,19.6,7.4,1.63,11.58
1932-04,68.43,15.8,20.8,25.8,14.3,1.89,16.2
1932-05,65,19.5,24.2,28.9,17.9,2.12,18.69
1932-06,56.88,23.1,27.7,32.4,21.9,2.51,22.58
1932-07,47.18,24.3,29.6,34.8,22.8,2.93,28.99
1932-08,191.18,24.3,28.9,33.6,22.7,2.98,24.89
1932-09,101.94,21.5,25.8,30.1,20.2,2.3,18.81
1932-10,22.88,15.2,20.8,26.4,13.2,2.16,19.16
1932-11,38.2,7.7,13.9,20.2,6.1,1.46,13.42
1932-12,97.53,7.5,11.2,15,6.8,1.12,6.65
1933-01,92.67,11.9,16.1,20.2,11.1,1.26,9.63
1933-02,87.4,8,12.5,17,7.3,1.1,8.14
1933-03,82.26,13.3,17.7,22.1,12.2,1.55,11.03
1933-04,30.33,15.9,21.4,27,14,2.15,18.88
1933-05,90.18,21.8,26.3,30.7,20.6,2.2,19.67
1933-06,43.61,21.5,26.9,32.4,19.8,2.8,25.38
1933-07,210.43,24,28.2,32.5,23.4,1.92,20.07
1933-08,148.7,23.9,28.3,32.7,22.3,2.96,22.6
1933-09,92.48,23.9,28.2,32.5,22.3,2.94,22.59
1933-10,50.78,18.2,23.3,28.3,16.7,2.2,19.4
1933-11,42.79,13.1,18.2,23.3,11.5,1.72,14.39
1933-12,88.43,13.2,18.2,23.1,12.4,1.31,13.03
1934-01,205.95,9.5,13.6,17.8,9.6,0.9,7.79
1934-02,114.25,7.9,13,18.1,6.8,1.27,10.15
1934-03,125.77,10.3,16,21.7,8.4,1.75,13.56
1934-04,114.99,16.8,21.4,26.1,15.5,1.83,15.4
1934-05,38.26,18.8,24,29.1,17.4,2.14,19.66
1934-06,9.73,23.3,28.6,34,21.6,2.97,28.15
1934-07,112.43,23.6,28.7,33.8,22.4,2.48,26.23
1934-08,51.76,24.2,28.7,33.2,22.3,3.31,23.89
1934-09,129.73,21.2,26,30.7,19.4,2.73,21.59
1934-10,21.11,18.8,24.1,29.4,16.8,2.54,21.38
1934-11,148.82,13.7,18.6,23.5,13,1.3,13.76
1934-12,102.67,9,13.8,18.6,8.1,1.22,9.59
1935-01,50.86,9.4,14.5,19.5,8.9,1.11,10.43
1935-02,96.32,8.6,13.8,19,7.4,1.34,10.69
1935-03,78.95,15,19.8,24.6,14,1.58,13.96
1935-04,108.89,17,21.3,25.5,15.7,1.89,14.31
1935-05,170.27,19.3,23.5,27.7,18.4,1.81,15.39
1935-06,96.75,23.1,27.3,31.5,22.1,2.24,19.64
1935-07,118.04,24,28.5,33,22.8,2.54,22.32
1935-08,46.08,24.2,29.1,34,22.2,3.41,26.79
1935-09,170.09,21.1,25.1,29.1,19.8,2.22,16.95
1935-10,96.75,18.3,23.2,28.1,16.8,2.1,18.75
1935-11,89.09,11.3,16,20.7,10.4,1.4,10.98
1935-12,191.44,7.4,11.5,15.6,6.9,1.07,7.14
1936-01,48.26,5.6,10.8,16,4.5,1.17,8.9
1936-02,51.73,5.3,10.4,15.4,4,1.19,8.12
1936-03,48.26,13.9,18.9,23.9,12.2,1.9,14.36
1936-04,60.79,13.8,19.3,24.8,11.9,2,16.58
1936-05,281.94,19.7,23.6,27.5,18.8,1.83,13.93
1936-06,20.16,23.1,28.3,33.4,21.4,2.92,26.69
1936-07,180.87,23.4,27.7,32.1,22.6,2.06,20.32
1936-08,74.59,23.9,28.6,33.3,22,3.3,25.05
1936-09,93.1,22.6,26.8,31.1,21.3,2.5,19.76
1936-10,43.39,15.2,20.2,25.2,13.3,2.07,15.92
1936-11,57.04,8.9,14.3,19.8,7.6,1.42,11.76
1936-12,111.41,8.6,13.3,18.1,8,1.12,9.14
1937-01,113.83,8.8,12.7,16.6,8.6,0.82,7.12
1937-02,17.08,9.1,13.8,18.5,8.1,1.3,9.9
1937-03,117.95,9.9,14.5,19,8.7,1.42,9.86
1937-04,16.9,15,20.3,25.6,12.8,2.14,17.18
1937-05,5.11,19.1,24.7,30.3,17.7,2.19,23.04
1937-06,84.96,23.3,28.2,33.2,21.8,2.4,25.23
1937-07,68.08,24,28.9,33.8,22.4,2.66,26.35
1937-08,106.88,24.2,29.1,34,22.3,3.25,27.16
1937-09,111.85,21.3,26.4,31.4,19.3,2.83,23.77
1937-10,151.46,16.6,22,27.4,14.8,2.19,19.42
1937-11,52.01,9.6,14.9,20.1,8.4,1.45,11.94
1937-12,140.64,9.2,13,16.7,8.7,1.02,7.12
1938-01,106.98,8.9,13.1,17.3,8.7,0.99,8.06
1938-02,79.29,11.9,16.3,20.7,11,1.24,10.48
1938-03,47.43,15.9,20.5,25,14.7,1.75,14.21
1938-04,93.57,15.6,19.9,24.2,14.3,1.78,13.5
1938-05,205.03,19.8,24.1,28.4,18.5,2.01,17.28
1938-06,98.31,23,27.4,31.8,21.6,2.47,21.38
1938-07,118.89,23.7,28.5,33.3,22.5,2.4,23.45
1938-08,102.15,23.9,28.6,33.3,22,3.12,24.77
1938-09,98.06,20.8,26,31.3,18.7,2.93,24.23
1938-10,41.27,17.3,23.2,29.1,15.2,2.6,23.45
1938-11,58.35,9.6,15.3,21,8.6,1.45,13.47
1938-12,84.45,8.6,13.6,18.6,7.8,1.22,10.17
1939-01,130.24,9.3,14,18.6,9,1.03,9.27
1939-02,102.6,8.2,13.8,19.5,7.1,1.29,12.02
1939-03,19.45,12.9,18,23,11.1,1.88,14.01
1939-04,35.01,15.1,20.4,25.7,13.2,2.16,17.19
1939-05,88.13,19.6,24.8,30.1,18.3,2.08,21.34
1939-06,74.96,23.3,27.6,32,22,2.47,20.74
1939-07,229.18,24,28.8,33.5,22.8,2.5,24.55
1939-08,69.78,23.8,28.7,33.6,21.8,3.15,26.34
1939-09,58.73,21.8,27.2,32.7,19.8,3.12,27.54
1939-10,38.24,17.1,22.5,28,15.4,2.26,20.56
1939-11,58.89,9.9,14.8,19.7,8.3,1.6,11.47
1939-12,91.81,9.4,14.8,20.1,8.5,1.21,11.78
1940-01,37.71,0.7,6.1,11.5,-1,1,7.27
1940-02,86.47,7.4,12.4,17.4,5.9,1.3,9.86
1940-03,22.88,11.7,17.3,23,9.7,1.88,15.59
1940-04,85.24,15,19.9,24.9,13.5,1.73,15.46
1940-05,70.69,18.6,23.8,28.9,17,2.08,20.47
1940-06,183.27,22,26.7,31.3,20.9,2.15,21.33
1940-07,78.8,23.7,28.3,33,22.4,2.45,23.47
1940-08,52.37,23.2,28.3,33.5,21.5,2.98,26.57
1940-09,65.83,19.5,25.2,30.9,17.4,2.76,25.75
1940-10,88.26,16.3,22,27.8,14.4,2.27,21.25
1940-11,283.61,12.2,16.5,20.8,11.4,1.21,10.59
1940-12,163.13,10.6,14.8,18.9,10.2,0.99,8.77
1941-01,55.42,9.6,13.9,18.1,8.6,1.29,9.01
1941-02,85.31,7.8,11.8,15.9,6.8,1.13,7.51
1941-03,135.82,9.8,14,18.3,8,1.59,9.19
1941-04,173.17,17.1,21,25,15.9,1.68,13.09
1941-05,148.22,20.2,24.6,29.1,19,2.01,17.88
1941-06,222.18,23.1,27.3,31.5,22.3,1.9,18.37
1941-07,137.79,24.4,28.8,33.2,23.1,2.52,21.81
1941-08,75.13,24.4,29.1,33.8,22.4,2.96,25.9
1941-09,192.38,23,26.9,30.9,22,1.9,17.99
1941-10,208.55,20.4,24.5,28.5,20.1,1.33,15.58
1941-11,76.34,9.8,15.2,20.6,8.1,1.57,12.82
1941-12,41.32,9.9,14.1,18.2,8.4,1.33,9.3
1942-01,43.46,5.4,10.7,16.1,4,1.28,9.85
1942-02,63.72,7.5,12,16.5,6.3,1.15,8.56
1942-03,51.86,10.1,15.7,21.4,7.9,1.66,14.01
1942-04,147.06,15.9,20,24.2,14.7,1.42,13.1
1942-05,40.72,19.5,24.2,28.8,18.2,1.76,18.53
1942-06,129.84,22.9,27.5,32.2,22,1.62,21.81
1942-07,339.85,23.5,27.6,31.8,22.9,1.3,19.17
1942-08,118.39,24,28.2,32.4,22.6,2.12,21.15
1942-09,94.41,20.5,25.2,29.8,18.9,2.12,19.92
1942-10,43.6,16.8,22.3,27.8,15.3,1.82,19.95
1942-11,69.54,12.5,18.2,23.8,11.5,1.46,15.23
1942-12,89.78,8.3,13.9,19.6,8.1,0.92,11
1943-01,93.72,6.3,11.6,16.9,5.7,0.99,9.5
1943-02,36.49,9.9,15.4,21,7.8,1.72,13.4
1943-03,94.25,9.6,15.1,20.5,8.3,1.37,12.3
1943-04,26.25,16.5,21.6,26.6,14.6,1.8,18.19
1943-05,144.84,20.3,25.2,30.1,19.4,1.43,20.32
1943-06,55.45,23.5,28,32.6,22.3,1.88,22.96
1943-07,317.25,23.6,28.5,33.4,22.9,1.48,24.22
1943-08,34.19,24,28.9,33.7,22.1,2.51,26.36
1943-09,95.64,20.4,24.8,29.1,19.1,1.89,18.4
1943-10,37.96,15.2,20.9,26.6,13.2,1.95,19.49
1943-11,243.91,9.5,15.1,20.8,8.5,1.18,12.79
1943-12,100.92,7.3,12,16.8,7,0.82,8.41
1944-01,222.51,7,11.6,16.1,6.7,0.77,7.91
1944-02,55.69,12.4,16.5,20.6,12.1,0.95,9.56
1944-03,153.92,12,16.8,21.7,11.2,1.25,11.5
1944-04,21.08,16.4,21.1,25.8,14.3,2.11,16.79
1944-05,264.02,18.8,23.4,28,18.3,1.15,16.54
1944-06,40.87,23.9,28.4,32.9,22.3,2.17,23.48
1944-07,25.21,24.2,29.6,35,22.5,2.24,30.24
1944-08,167.41,24.4,29.4,34.4,22.8,2.29,27.63
1944-09,163.05,21.9,26.9,31.9,20,2.44,23.96
1944-10,20.6,15.9,22,28.1,13.3,2.33,22.73
1944-11,144.6,12.4,17.1,21.8,11.7,1.19,12.34
1944-12,134,6.6,11.6,16.6,6.2,0.89,8.46
1945-01,111.06,7.2,12,16.8,6.6,0.94,8.7
1945-02,79.53,10.4,15.2,19.9,10,1.07,9.92
1945-03,81.02,16,20.4,24.8,14.8,1.39,13.84
1945-04,158.03,16.1,20.9,25.8,15.2,1.34,15.44
1945-05,89.58,18.4,23.4,28.4,17,1.69,18.94
1945-06,126.2,23.2,27.6,31.9,22.2,1.74,20.67
1945-07,68.12,23.7,28.5,33.3,22.8,1.63,24.28
1945-08,315.46,23.9,28.7,33.4,22.8,1.77,23.93
1945-09,65.82,22,27,32,20.1,2.42,24.33
1945-10,131.94,15.2,20.9,26.5,14.2,1.43,17.9
1945-11,24.01,13.7,19.4,25,12.5,1.45,16.44
1945-12,168.73,6.2,11.5,16.8,5.9,0.79,9.01
1946-01,155.78,6.9,11.3,15.6,6.5,0.82,7.6
1946-02,93.65,9.1,14.4,19.7,7.3,1.48,11.81
1946-03,89.69,12.7,18.4,24.1,10.4,1.84,16.65
1946-04,73,17.1,22,26.9,15.3,2.1,17.91
1946-05,286.02,19.9,24.4,28.9,19.1,1.54,17.29
1946-06,154.94,22,26.4,30.8,20.9,1.97,19.37
1946-07,145.19,23.5,28.1,32.8,22.5,2,22.78
1946-08,66.19,24,28.6,33.3,22.1,2.81,24.89
1946-09,174.32,22,26.2,30.4,20.9,1.79,18.42
1946-10,86.29,18.2,22.8,27.4,16.9,1.72,16.69
1946-11,282.57,12.6,17.3,22,12.1,1.18,11.63
1946-12,56.34,10.4,15.1,19.9,9.5,1.1,11.29
1947-01,121.38,7.7,11.5,15.2,6.4,1.25,7.04
1947-02,19.84,4.5,10.1,15.6,2.2,1.3,10.11
1947-03,70.89,8.4,13.8,19.2,6,1.69,12.07
1947-04,36.11,16.2,21,25.8,14.3,1.93,16.14
1947-05,231.78,19.4,24.2,29,18.3,1.61,18.72
1947-06,114.83,23.2,27.7,32.2,21.7,2.18,22.06
1947-07,53.12,23.4,28.5,33.7,21.6,2.66,27.24
1947-08,202.62,23.9,28.7,33.5,22.1,2.6,25.36
1947-09,25.61,21.6,27.1,32.6,19,3.43,28.65
1947-10,45.92,19,24.8,30.5,16.8,2.29,24.77
1947-11,110.31,10.6,15.6,20.6,9.3,1.47,12.26
1947-12,124.32,9,13.4,17.9,7.6,1.39,9.31
1948-01,99.19,3.4,8.3,13.3,2.2,1.16,7.57
1948-02,76.24,8.4,12.8,17.2,7.2,1.1,8.33
1948-03,42.42,12,16.7,21.5,10,1.7,12.66
1948-04,62.44,17.3,22.5,27.7,14.6,2.38,20.32
1948-05,112.23,20.4,25.4,30.3,18.8,2.18,20.91
1948-06,51.79,23.4,28.4,33.5,21.2,3.12,27.41
1948-07,61.9,24.4,29.2,34,23.3,1.63,24.05
1948-08,61.15,24.3,29.8,35.3,22.1,2.79,31.79
1948-09,38.48,20.9,25.8,30.8,18.9,2.43,22.31
1948-10,6.43,15.8,21.9,27.9,12.8,2.77,22.48
1948-11,140.15,11.2,16.6,22.1,10.5,1.27,12.84
1948-12,23.03,10.3,15.4,20.5,9.5,1.14,10.8
1949-01,114.04,6.9,11.5,16,7.1,0.67,7.02
1949-02,144.37,11.3,15.2,19.1,10.9,0.72,7.67
1949-03,96.6,12.6,17.3,21.9,12.1,0.94,11.12
1949-04,159.19,14.7,19.2,23.7,13.5,1.11,13.12
1949-05,40.5,21.3,25.9,30.4,20.2,1.54,19.2
1949-06,44.42,23.6,28.3,33,22.2,1.99,23.84
1949-07,176.8,24.3,28.7,33.2,23.3,1.52,22.54
1949-08,103.29,23.1,28.2,33.2,21.9,1.84,24.36
1949-09,89.96,22.4,27,31.6,21,2.23,20.45
1949-10,411.7,18.6,22.2,25.9,18.4,0.93,11.28
1949-11,3.17,11.6,17.8,24,9.3,1.75,17.69
1949-12,215.25,10.3,14.6,18.9,10.2,0.81,7.96
1950-01,98.9,12.7,17.1,21.5,14,0.36,7.79
1950-02,125.95,12,16.7,21.3,11.7,0.82,10.12
1950-03,26.75,11.2,16.3,21.3,9.2,1.68,13.16
1950-04,146.83,15.4,19.8,24.3,14.2,1.31,12.87
1950-05,80.08,21.7,25.9,30.1,20.3,1.59,18.2
1950-06,179.83,22.9,27.3,31.8,22,1.32,20.48
1950-07,114.69,24,28.2,32.4,22.7,1.45,20.55
1950-08,21.93,23.5,28.7,33.8,21.6,2.16,27.2
1950-09,62.83,21.7,26.8,31.9,19.9,2.07,23.42
1950-10,8,17.9,23.7,29.6,15.9,1.92,23.11
1950-11,34.5,10.6,16.8,22.9,8.3,1.84,16.02
1950-12,36.46,7.8,13.7,19.5,6.8,1.2,11.77
1951-01,100.54,7.3,12.8,18.3,6.2,1.25,10.87
1951-02,30.96,8.5,13.6,18.6,7.9,0.85,10.31
1951-03,113.95,12.7,17.8,22.9,10.5,1.56,14.31
1951-04,22.33,15.1,20,24.9,12.7,1.72,15.33
1951-05,55.32,19.8,24.6,29.3,18.2,1.7,19.64
1951-06,76.45,23.6,28,32.4,22.5,1.4,21.3
1951-07,61.16,25,29.7,34.3,22.8,2.84,26.93
1951-08,39.98,25.2,30.6,35.9,22.4,3.16,32.8
1951-09,151.97,22.2,26.7,31.3,21,1.71,19.9
1951-10,25.44,17.9,22.9,28,16.6,1.86,17.9
1951-11,35.88,10.4,15.2,20,8.9,1.51,11.11
1951-12,47.13,9.8,15,20.3,9.5,1.06,10.5
1952-01,30.61,12.4,17,21.7,11.7,1,10.73
1952-02,148.58,11,15.5,19.9,9.1,1.44,11.36
1952-03,48.72,10.6,16,21.5,8.4,1.66,14.08
1952-04,167.39,13.9,18.8,23.7,12.1,1.53,14.54
1952-05,106.07,18.6,23.6,28.6,16.8,1.76,20.04
1952-06,49.2,23.3,27.9,32.4,21.6,1.94,23.54
1952-07,90.37,24.4,28.6,32.8,22.9,1.91,21.8
1952-08,20.63,24.8,29.7,34.7,22.1,2.84,29.55
1952-09,44.77,20.9,26.3,31.7,17.9,3.37,26.73
1952-10,0,12.7,19.5,26.3,7.3,3.96,24.16
1952-11,183.76,11.1,15.6,20.2,9.6,1.33,11.55
1952-12,119.36,8.1,12.5,16.8,6.6,1.34,8.7
1953-01,39.04,8.5,14.2,19.8,7.3,1.3,12.38
1953-02,101.19,9,13.4,17.8,7.6,1.11,9
1953-03,5.63,16.1,20.6,25,14.7,1.25,14.23
1953-04,79.37,15.6,20.7,25.8,13.9,1.47,16.3
1953-05,229.05,20.8,25,29.2,19.3,1.71,18.37
1953-06,86.84,24.4,29.3,34.1,22.2,2.76,27.35
1953-07,55.85,24.8,29,33.3,22.7,2.72,23.92
1953-08,235.19,23.9,28.2,32.5,22.3,2.06,22.29
1953-09,28.59,21.3,26.9,32.5,18.3,3.44,28.33
1953-10,64.8,17.2,22.5,27.7,15.1,2.15,20.32
1953-11,136.33,10.8,15.9,21,8.5,1.81,12.92
1953-12,132.96,7,11.2,15.5,5.1,1.2,7.96
1954-01,63.24,9.1,13.9,18.7,8.9,0.76,8.95
1954-02,5.96,10.8,16.5,22.3,7.2,2.65,16.67
1954-03,19.19,11.3,16.5,21.6,7.8,1.86,15.13
1954-04,128.63,18,22.4,26.7,16.5,1.53,15.4
1954-05,66.77,18.2,23,27.7,16.3,2,17.69
1954-06,29.27,23.4,28.1,32.7,21.2,2.64,24.82
1954-07,170,24.5,29.7,34.8,22.3,2.64,30.51
1954-08,54.36,24.8,29.7,34.6,22.2,3.07,29.27
1954-09,17.86,22.6,27.8,33.1,19.6,3.37,28.21
1954-10,117.09,18.3,23.1,27.8,16.6,1.86,17.74
1954-11,46.55,10.9,16.1,21.4,7.8,2.35,14.45
1954-12,47.95,9.5,14.9,20.3,7.1,1.92,12.48
1955-01,125.12,8.2,12.5,16.8,7.1,1.07,8.21
1955-02,129.03,9,13.6,18.2,7.8,1.2,9.34
1955-03,12.52,13.2,18.4,23.6,11.7,1.37,14.64
1955-04,61.77,17.7,22.1,26.5,15.5,1.89,17.16
1955-05,74.3,21.1,25.6,30.2,19,1.99,21.3
1955-06,66.93,21.8,26.8,31.8,19.6,2.58,24.36
1955-07,103.17,24.2,28.6,32.9,22.5,2.43,22.89
1955-08,151.31,24.1,28.6,33.1,22.2,2.54,24.39
1955-09,99.46,23.4,27.4,31.3,21.8,1.89,19.38
1955-10,28.93,16.5,22.2,27.9,12.9,2.83,21.94
1955-11,28.04,11.6,16.7,21.8,9.3,2.02,13.51
1955-12,50.02,9.3,14,18.7,7.8,1.33,9.69
1956-01,80.43,7.9,12.8,17.8,5.7,1.41,10.33
1956-02,63.75,10.6,15.3,20.1,9.5,1.04,11.02
1956-03,22.35,12.2,17.3,22.4,10.5,1.69,13.89
1956-04,62.86,15.4,20.2,25,12.9,2,16.35
1956-05,65.78,21.1,25.8,30.5,19.1,2.33,21.79
1956-06,94.59,22.7,27.6,32.6,20.5,2.61,25.42
1956-07,43.43,24.3,29.6,34.8,22.2,2.25,30.57
1956-08,33.49,24.5,29.2,34,21.7,3.46,28.06
1956-09,21.23,21.8,27.5,33.1,18.3,4.05,30.08
1956-10,60.27,17.8,23.5,29.3,15.9,2.14,22.72
1956-11,51.1,10.6,16.3,22,7.7,2.09,14.59
1956-12,105.46,10.6,15.6,20.7,8.8,1.58,11.98
1957-01,36.16,10.1,14.4,18.7,9.5,0.89,8.52
1957-02,59.42,13.4,17.5,21.7,12.8,0.77,10.91
1957-03,207.28,12.2,16.8,21.4,10.7,1.3,11.74
1957-04,234.75,16.8,20.6,24.4,16,1.27,10.97
1957-05,47.57,21,25,29,19.2,2.08,17.53
1957-06,116.89,23.3,27.3,31.2,22.6,1.32,17.74
1957-07,32.53,25,30.1,35.3,23.2,2.44,29.49
1957-08,41.99,24.5,29.4,34.4,21.9,3.08,28.91
1957-09,190.48,20.9,25.2,29.6,19.8,1.5,18.24
1957-10,210.73,15.5,20.2,25,14,1.72,15.49
1957-11,186.51,12.3,16.6,20.9,12,0.97,10.16
1957-12,40.15,10,14.8,19.6,8.1,1.31,10.93
1958-01,138.13,6.1,10.9,15.6,3.9,1.22,9.04
1958-02,75.01,6.4,10.4,14.5,4.4,1.24,8.18
1958-03,31.27,9.6,14.6,19.6,7.8,1.56,11.96
1958-04,83.11,16.3,21,25.7,14.4,1.7,16.23
1958-05,52.45,20.8,25.5,30.2,18.7,2.14,21.53
1958-06,34.48,24.3,28.9,33.5,22.4,2.54,25.41
1958-07,53.05,25,29.7,34.4,23.3,2.48,26.12
1958-08,107.78,24.9,29.6,34.3,22.6,2.97,27.51
1958-09,248.26,23.2,26.7,30.2,22.5,1.12,15.29
1958-10,112.39,17.1,21.1,25.1,16.2,1.43,13.12
1958-11,46.04,12.8,17.5,22.1,12.3,1.01,11.67
1958-12,31.31,6.9,11.8,16.7,5.9,1.16,8.99
1959-01,54.24,5.4,10.6,15.8,4.7,0.85,7.91
1959-02,227.31,9.5,13.6,17.6,9.2,0.71,8.11
1959-03,29.72,10.9,16.2,21.6,7.9,2.11,14.49
1959-04,185.26,14.9,19.3,23.7,13.7,1.35,12.99
1959-05,156.45,21.1,25.4,29.6,19.8,1.64,18.17
1959-06,117.55,23.5,28,32.4,22.1,2.01,22.48
1959-07,238.1,23.8,28.1,32.4,22.9,1.38,20.9
1959-08,192.91,24.3,28.2,32.1,22.5,2.12,20.79
1959-09,92.33,22.6,27,31.4,21.2,1.75,20.49
1959-10,140.18,17.5,22.3,27.1,16.1,1.74,17.05
1959-11,64.22,7.9,13.7,19.4,7.3,1,10.91
1959-12,108.56,9,13.4,17.7,7.5,1.14,9.1
1960-01,80.74,7.1,11.3,15.4,5.8,0.86,7.34
1960-02,108.38,5.4,10.2,14.9,4.2,1.03,8.31
1960-03,18.66,9.8,14.3,18.9,7.3,1.33,11.93
1960-04,67.43,17,21.3,25.7,14.4,1.9,16.15
1960-05,21.82,18.9,23.7,28.4,16.4,2.25,19.91
1960-06,329.14,23.4,28.3,33.1,21.4,2.29,26.44
1960-07,101.86,24.7,29.4,34.1,22.8,2.47,26.43
1960-08,205.56,24.3,28,31.8,23.2,1.56,18.16
1960-09,38.7,21.4,26.4,31.4,19.9,2.11,23.09
1960-10,237.32,18.4,23,27.6,18.2,1.04,15
1960-11,104.17,13.2,17.7,22.3,12.8,1.03,10.85
1960-12,161.65,7.1,11.4,15.6,7.1,0.6,6.57
1961-01,99,5.1,9.7,14.2,4.2,0.88,7.22
1961-02,155.18,9.5,14.3,19.1,9.6,0.7,9.56
1961-03,33.03,14.5,19,23.5,13.2,1.51,12.67
1961-04,94.26,14.6,19.2,23.9,12.8,1.96,13.88
1961-05,29.01,19.3,23.9,28.4,18.2,2.14,17.09
1961-06,247.43,21.7,25.9,30.2,21.6,1.14,16.67
1961-07,213.6,24,27.9,31.8,22.9,2.06,18.44
1961-08,99.92,23.3,27.9,32.6,21.5,2.47,23.72
1961-09,247.29,22.6,26.6,30.7,20.4,2.74,20.27
1961-10,13.99,17.3,22.4,27.4,14.7,2.67,18.75
1961-11,185.89,12,16.5,21.1,10.7,1.56,10.81
1961-12,59.29,10.1,14.7,19.2,7.6,1.54,9.85
1962-01,42.52,5.2,10.4,15.7,3.2,1.35,8.86
1962-02,41.12,13.7,18.6,23.5,12.3,1.39,14.08
1962-03,28.41,11.5,16.4,21.3,7.7,2.33,14.73
1962-04,103.91,16.6,21.2,25.8,14.2,2.58,16.06
1962-05,59.72,21.5,25.8,30.1,18.7,3.3,20.69
1962-06,168.8,23.6,27.7,31.7,22.1,2.56,19.03
1962-07,58.09,25,29.8,34.6,22.9,2.86,26.29
1962-08,54.8,25.4,30.6,35.8,22.1,4.24,32.82
1962-09,102.86,23.4,27.9,32.4,21.4,2.68,22.3
1962-10,120.93,19.8,24.4,29.1,17.4,3.12,19.66
1962-11,134.34,12.1,16.7,21.4,9,2.89,13.26
1962-12,124.63,8.9,12.9,16.8,7.3,1.21,7.82
1963-01,87.03,4.6,9.2,13.9,3.3,0.97,7.06
1963-02,67.08,6.9,12.3,17.8,4.1,1.65,11.6
1963-03,20.25,14.4,19.2,24.1,11.3,2.16,15.34
1963-04,30.39,19.5,23.8,28.1,17.5,2.58,17.15
1963-05,61.36,20.9,25.6,30.3,18.5,3.36,21.41
1963-06,162.44,23.6,28.2,32.8,21.7,2.65,23.65
1963-07,64.32,25.5,29.5,33.5,22.8,3.82,23.92
1963-08,41.64,25.1,29.9,34.7,21.6,4.97,30.32
1963-09,97.97,22.6,27.2,31.8,19.8,3.49,24.18
1963-10,19.98,19.2,24.6,30,15.8,3.4,24.87
1963-11,106.04,13.8,18.4,23,10.4,2.78,15.23
1963-12,111.4,5,9.7,14.3,1.6,1.96,9.43
1964-01,80.77,7.9,12,16.1,4.6,1.52,9.03
1964-02,98.64,7,11,15,3.5,1.81,8.77
1964-03,77.29,11.8,16.8,21.9,9.7,1.73,12.69
1964-04,56.67,18.2,22,25.8,15.9,2.61,14.17
1964-05,66.68,21.5,25.5,29.6,18.6,3.87,19.1
1964-06,61.17,23.6,27.7,31.8,20.4,4.07,22.83
1964-07,52.29,25,29.4,33.9,21.9,4.31,27.04
1964-08,93.14,25.6,30,34.3,22.2,4.66,27.47
1964-09,141.37,22.7,26.9,31.1,20.2,3.77,20.6
1964-10,42.57,15.8,21.2,26.6,11.9,2.67,19.43
1964-11,89.4,14.5,19,23.4,12.5,1.77,13.1
1964-12,101.49,9.3,13.8,18.3,7.8,1.48,9.55
1965-01,63.36,9.3,14.5,19.7,7.7,1.41,11.68
1965-02,87.72,8.8,13.3,17.7,5.9,1.19,9.84
1965-03,24.11,9.9,14.9,20,7.7,1.64,11.96
1965-04,24.99,18.9,23.2,27.4,16.5,2.57,16.95
1965-05,132.03,21.9,25.2,28.4,18.9,2.73,15.98
1965-06,55.42,24.2,28.3,32.4,21.4,2.97,23.11
1965-07,73.68,24.8,29.4,34,21.8,3.46,27.46
1965-08,75.16,24.5,28.9,33.3,21.6,3.35,25.46
1965-09,100.16,22.8,27.3,31.8,20.4,2.85,22.98
1965-10,80.39,16.1,21.2,26.2,13.2,2.29,18.1
1965-11,122.21,16.6,20.8,25,15,1.61,13.8
1965-12,157.94,11.3,15.4,19.5,9.5,1.12,9.74
1966-01,112.77,5.8,9.6,13.3,4.4,1.19,6.42
1966-02,137.14,7.6,11.9,16.2,5.7,1.29,8.53
1966-03,57.47,11.9,16.6,21.3,8.5,2.42,13.29
1966-04,174.73,17.3,21.4,25.5,15.1,2.26,14.97
1966-05,200.55,20.2,24.2,28.2,19.2,1.68,15.29
1966-06,77.5,22.6,27,31.5,20.2,2.79,22.17
1966-07,82.51,24.9,29.2,33.4,22.3,3.31,24.15
1966-08,153.97,23.9,27.9,31.8,22,2.59,20.17
1966-09,68.02,21.4,26.5,31.6,19.6,2.43,23.45
1966-10,94.29,15.7,21,26.2,13.7,2.11,17.68
1966-11,24.07,13.8,18.6,23.4,11.8,1.74,14.22
1966-12,61.01,7.8,12.7,17.5,6.7,1.09,9.63
1967-01,53.23,7.9,12.5,17.1,5,1.46,9.78
1967-02,45.31,7.4,12.9,18.4,5.1,1.55,11.8
1967-03,29.43,14.7,19.4,24.1,12.3,1.95,14.75
1967-04,69.65,20.3,23.9,27.6,18.5,2.08,14.91
1967-05,112.68,19.9,24.3,28.7,17.4,2.41,18.93
1967-06,25.12,23.5,28.1,32.7,20.3,3.6,25.61
1967-07,127.31,23.3,28,32.7,21.3,2.42,24.33
1967-08,70.41,23.4,27.7,31.9,20.7,3.07,22.66
1967-09,110.69,21.5,25.5,29.4,18.9,2.76,18.68
1967-10,94.68,16.2,21.6,27.1,13.5,2.16,20.1
1967-11,11.4,13.6,18.2,22.7,10.8,2.05,13.69
1967-12,108.5,9,13.2,17.5,7.7,1.19,8.82
1968-01,154.58,8.1,11.6,15.2,6.1,1.12,6.67
1968-02,39.76,5.9,10.7,15.4,3.2,1.52,9.18
1968-03,69.07,10.5,15,19.6,8.6,1.55,10.44
1968-04,68.87,17.6,21.6,25.5,15.6,2.03,14.18
1968-05,266.57,20.3,24.6,28.8,18.5,1.94,17.49
1968-06,275.27,23,26.7,30.4,22.2,1.29,15.67
1968-07,109.42,24,28.1,32.2,22.2,2.14,20.58
1968-08,46.49,24.6,28.9,33.3,22,2.87,24.12
1968-09,152.93,20.9,25.5,30,19.1,1.85,19.73
1968-10,79.84,18.3,23,27.7,15.8,1.98,18.62
1968-11,80.66,11.1,16,20.8,8.9,1.57,12.5
1968-12,84.54,8.4,13.2,18,6,1.34,10.38
1969-01,59.74,9.5,13.7,17.8,7.5,1.3,9.13
1969-02,133.72,10.2,14.1,17.9,8.5,1.42,8.61
1969-03,89.34,9.4,13.6,17.8,6.2,1.91,9.89
1969-04,86.25,17,21.2,25.3,15.3,1.75,13.83
1969-05,108.4,19.6,24,28.3,18.4,1.36,16.22
1969-06,47.49,23,27.5,31.9,21.7,1.73,20.55
1969-07,73.65,25.3,30.1,35,23.8,2.12,27.11
1969-08,71.9,24.8,29.6,34.3,22.5,2.76,27.22
1969-09,87.33,22.1,27,31.9,20.2,2.13,23.05
1969-10,65.53,18.2,22.8,27.5,16.3,1.99,17.84
1969-11,42.64,11.7,17.1,22.6,9.2,1.73,14.95
1969-12,104.85,10.2,14.9,19.6,9.1,1.11,10.51
1970-01,50.84,5.5,9.7,14,3.4,1.01,7.13
1970-02,63.5,9.1,13.7,18.4,6.2,1.51,10.64
1970-03,122.07,10.4,15,19.5,9.4,1.2,9.9
1970-04,52.53,17.5,21.6,25.6,15.8,1.75,13.8
1970-05,235.94,19.3,23.2,27.1,16.5,2.43,16.22
1970-06,35.84,23.1,27.2,31.3,19.9,3.18,22
1970-07,97.05,24.1,28.6,33.1,21.8,2.66,24.1
1970-08,76.19,24.9,29.5,34.1,21.5,3.87,28.05
1970-09,176.57,23,26.8,30.7,21.3,2.33,18.2
1970-10,268.01,15.6,20.5,25.4,14.2,1.52,15.5
1970-11,44.11,10.8,15.9,21,7.9,1.91,13.28
1970-12,18.89,12.1,16.9,21.6,11.6,1.11,11.64
1971-01,8.66,9.8,14.7,19.5,8.5,1.14,11.04
1971-02,68.38,9.2,14.5,19.8,6.5,1.55,12.89
1971-03,27.88,11.1,16.6,22.1,8.9,1.75,14.92
1971-04,47.2,15.4,20.1,24.8,13,2.15,15.8
1971-05,91.76,19.8,23.9,28,17.6,2.2,17.15
1971-06,51.1,23.7,28,32.4,21,3,23.96
1971-07,66.25,24.4,29.4,34.5,21.3,3.73,31
1971-08,162.39,23.6,27.9,32.2,21.2,2.6,22.65
1971-09,202,22.5,26.2,29.8,21.2,1.74,16.2
1971-10,73.3,19.6,23.6,27.6,17.4,2.02,16.77
1971-11,41.38,12.8,17.7,22.5,10.4,1.63,14.25
1971-12,162.2,13.1,16.8,20.5,11.9,0.95,9.47
1972-01,99.07,10.3,14.9,19.5,8.9,1.2,10.99
1972-02,37.31,10.1,14.8,19.5,6.9,1.54,11.9
1972-03,106.2,14.2,19.3,24.4,12,2.04,16.08
1972-04,77.01,17.7,22.4,27.1,16,1.54,16.98
1972-05,196.96,19.6,24.2,28.8,17.5,2.28,18.95
1972-06,109.44,22.8,27.2,31.5,21,1.96,20.65
1972-07,110.32,23.3,27.5,31.7,22.5,1.2,18.97
1972-08,99.68,23.9,28.4,32.9,21.6,2.83,24.44
1972-09,159.23,23.6,27.7,31.8,22,2.13,21.04
1972-10,63.47,17.1,21.9,26.7,16.2,1.07,15.88
1972-11,169.81,8.7,13.2,17.7,8.6,0.82,8.42
1972-12,49.37,6.9,11.9,17,6.6,0.68,8.94
1973-01,117.4,5.7,9.7,13.7,4.4,1.18,7.07
1973-02,97.47,7.2,11.9,16.7,5.6,1.28,9.62
1973-03,104.86,14.7,18.8,22.8,13.2,1.6,11.99
1973-04,194.11,14.6,18.6,22.6,13,1.47,11.56
1973-05,63.76,19.4,24.1,28.7,16.9,2.18,19.48
1973-06,349.67,22.4,26.4,30.3,21.9,0.98,15.9
1973-07,156.38,24.2,28.9,33.5,23.4,1.31,22.69
1973-08,173.44,22.9,27,31.1,22,1.34,17.7
1973-09,204.75,22.5,26.2,30,22.1,1.23,15.1
1973-10,213.89,18.8,23.2,27.6,17.8,1.27,16.11
1973-11,35.91,15.7,20.6,25.4,14.7,1.2,14.94
1973-12,73.12,7.9,13.4,19,5.8,1.47,12.15
1974-01,179.02,9,13.2,17.4,9.5,0.87,7.42
1974-02,19.76,9.4,14.7,20.1,6.1,2.6,13.52
1974-03,98.47,15,19.2,23.3,14.3,1.84,12.43
1974-04,51.07,16.4,20.6,24.7,14,3.44,14.59
1974-05,152.05,20.8,24.9,28.9,20.1,1.9,15.88
1974-06,40.85,22.6,27.1,31.7,20.4,3.58,21.96
1974-07,95.53,23.9,28.7,33.5,22.1,2.53,25.5
1974-08,165.89,24.3,28.3,32.3,22.3,2.98,21.14
1974-09,179.16,19.8,24,28.1,19.3,1.82,14.19
1974-10,62.15,17.2,22.1,26.9,15.4,3,17.12
1974-11,189.91,12.1,16.4,20.8,11.2,2.28,10.17
1974-12,101,8.8,13.4,18,7.1,1.65,9.75
1975-01,64.89,10.1,14.7,19.3,9,1.42,10.1
1975-02,55.38,8.5,13.6,18.7,8.4,1.03,9.31
1975-03,63.76,11.8,16.4,21,11.4,1.63,10.91
1975-04,103.63,15.9,19.6,23.3,14.7,1.95,11.15
1975-05,188.24,20.4,24.5,28.6,19.8,1.93,13.96
1975-06,183.67,22.8,26.6,30.5,21.4,2.53,17.45
1975-07,133.41,23.6,28.1,32.6,22,2.7,22.21
1975-08,166.65,23.6,27.9,32.1,22.2,2.18,20.49
1975-09,53.21,19.7,24.5,29.4,17.8,3.03,19.32
1975-10,101.79,16.9,22,27,15.1,2.09,18.15
1975-11,46.52,11.7,17,22.4,9.9,1.94,14.15
1975-12,91.16,8.3,12.7,17.1,6.1,1.68,9.51
1976-01,38.28,6.1,11.8,17.4,4.1,1.91,10.98
1976-02,10.62,11.6,17,22.3,8.7,2.47,15.44
1976-03,61.06,12.9,17.3,21.7,12.7,1.49,9.96
1976-04,118.91,16.4,20.7,24.9,15.1,2.3,13.33
1976-05,81.27,18.6,23.1,27.7,16.3,3.57,18.12
1976-06,253.22,23.1,27.5,31.9,20.3,4.65,22.76
1976-07,138.59,24.8,28.6,32.5,22.2,5.06,21.64
1976-08,62.2,24,29,33.9,21,4.45,28.15
1976-09,183.48,21.2,25.9,30.6,19.8,2.81,19.97
1976-10,119.33,12.8,17.3,21.8,11.2,2.5,12.42
1976-11,101.65,7.4,12.1,16.8,6.2,1.41,9.72
1976-12,159.63,5.8,10.4,15,5,1.45,7.41
1977-01,66.71,3.4,8,12.6,0.4,1.91,8.29
1977-02,50.03,9.1,14,18.9,4.9,2.66,13.39
1977-03,50.06,13.1,17.6,22.2,10.1,2.42,13.62
1977-04,114.49,16.5,21,25.5,13.5,3.68,16.6
1977-05,54.38,21.1,25.3,29.5,18.9,3.26,18.82
1977-06,120.06,24.7,28.9,33.2,21.9,4.5,24.64
1977-07,78.25,25.3,29.8,34.3,22.4,4.07,27.05
1977-08,110.95,25.1,29.1,33,23,3.05,22.27
1977-09,135.48,23,27.7,32.4,21.8,2.22,21.17
1977-10,25.72,17.6,22.4,27.3,14.9,3.08,19.01
1977-11,117.92,13.5,18,22.6,12.8,1.75,11.39
1977-12,61.57,9.2,13.9,18.5,6.6,2.25,10.84
1978-01,172.84,3.1,6.7,10.3,2,1.15,4.86
1978-02,89.02,4.2,8.3,12.5,1.9,1.58,7.24
1978-03,22.62,10,15.4,20.8,7.5,2.19,14.49
1978-04,25.55,16.5,20.7,24.8,14.1,2.96,15.61
1978-05,49.29,21.1,25.5,29.9,18.9,3.12,20.19
1978-06,153.36,23.5,27.7,31.9,22,2.66,19.9
1978-07,76.72,25.1,29.5,33.8,23,3.29,23.91
1978-08,59.7,24.9,29.1,33.3,21.9,4.29,25.5
1978-09,139.04,22.7,26.5,30.2,21.3,2.77,16.61
1978-10,5.84,17,22.2,27.4,13,3.82,21
1978-11,180.78,14.5,18.7,23,13.6,2.28,12.14
1978-12,65.88,8.4,13.2,18,6.9,1.57,9.36
1979-01,178.6,3.5,7.6,11.7,2.1,1.39,5.11
1979-02,89.58,6.9,10.9,15,6.2,1.31,6.44
1979-03,92.58,12.2,16.7,21.2,9.9,1.52,12.19
1979-04,246.6,17.6,21.4,25.2,15.9,2.29,13.24
1979-05,122.57,19.3,23.7,28.1,17.1,3.7,17.48
1979-06,105.52,24.2,28,31.8,21,5.14,21.46
1979-07,245.63,25.3,28.9,32.6,23.4,3.74,19.2
1979-08,125.11,24.4,28.6,32.7,22.5,3.07,20.99
1979-09,346.8,21.1,25.2,29.2,19,3.44,17.34
1979-10,75.91,18.3,23.4,28.5,15.6,3.64,20.59
1979-11,48.87,10,15.3,20.5,7.4,2.45,13.19
1979-12,82.15,9,13.6,18.2,5.7,2.7,10.66
1980-01,145.73,10.6,14.3,18,9,1.58,7.86
1980-02,52.64,8.6,13.2,17.9,6,1.89,11.69
1980-03,121.98,12.8,17.1,21.4,10.3,1.88,12.29
1980-04,63.36,15.8,20.3,24.8,11.8,3.22,17.42
1980-05,113.52,21.7,25.8,29.8,19.8,3.75,17.88
1980-06,50.45,25.3,29.8,34.2,22.8,3.83,25.9
1980-07,58.03,26.4,31,35.7,23.5,4.2,30.61
1980-08,48.63,26.3,30.2,34.2,22.6,4.43,27.25
1980-09,177.05,25.2,29,32.8,22.8,3.93,21.69
1980-10,82.72,16.8,21.7,26.6,11.9,4.83,21.36
1980-11,54.71,11.7,16,20.4,7.4,3.77,14.95
1980-12,36.17,9.3,13.8,18.3,6.4,2.44,10.61
1981-01,64.7,7.3,11.7,16.2,2.8,2.8,10.5
1981-02,65.32,8.4,13,17.6,5.3,2.89,10.41
1981-03,38.4,12.3,16.6,21,7.8,3.26,13.2
1981-04,56.55,19.5,23,26.6,15.7,3.19,15
1981-05,229.01,20.1,24.1,28.1,17,3.58,16.46
1981-06,238.04,24.1,27.9,31.6,22.1,2.45,17.05
1981-07,151.64,25.3,29.3,33.3,22.3,3.83,22.16
1981-08,136.74,25.5,29.5,33.5,21.2,4.58,25.25
1981-09,123.26,21.9,26.4,30.9,18.4,3.45,21.2
1981-10,158.72,18.5,22.7,27,16.2,3.53,14.51
1981-11,117.95,14.2,18.9,23.5,12.3,2.81,13.29
1981-12,44.51,9.6,14,18.3,6.6,2.43,10.05
1982-01,52.82,7.9,12.6,17.3,6,1.55,8.38
1982-02,54.35,8.4,12.4,16.4,5.8,2.33,9.45
1982-03,47.66,14.2,18.2,22.2,12.7,1.81,10.75
1982-04,67.84,16.1,20.2,24.2,14.3,2.41,12.65
1982-05,172.36,20.5,24.2,27.9,16.9,3.79,15.68
1982-06,50.78,24.4,28.8,33.2,19.5,6.01,25.57
1982-07,91.72,24.8,29.5,34.2,21,3.6,26.75
1982-08,71.55,25.8,29.9,34,21,4.54,26.59
1982-09,25.42,22.3,27.2,32,17.1,4.51,26.58
1982-10,75.93,17.2,21.7,26.1,12.8,3.2,16.92
1982-11,172.98,13,17.2,21.5,9.9,2.12,10.99
1982-12,107.97,10.2,14.4,18.5,6.8,2.25,9.38
1983-01,45.64,6.8,10.7,14.6,3.2,2.08,8.03
1983-02,121.22,8.6,12.4,16.3,4.7,2.3,8.34
1983-03,109.69,10.1,15.1,20.1,6.2,2.45,12.58
1983-04,10.47,13.7,18.1,22.5,9.2,2.86,13.77
1983-05,162.82,18.8,23,27.3,16,2.64,16.05
1983-06,157.1,21.4,25.8,30.1,19.7,0.66,16.69
1983-07,151.06,23.8,27.8,31.9,21.7,1.29,18.6
1983-08,318.54,23.7,28.1,32.4,21.7,1.39,19.27
1983-09,271.81,20.8,25.1,29.3,18.3,2.18,16
1983-10,19.47,17.5,22,26.5,14.1,2.9,16.27
1983-11,87.54,13.4,18,22.6,10.1,3.23,12.43
1983-12,63.52,3.8,8.6,13.5,0.7,1.78,7.82
1984-01,94.09,4.8,9.1,13.4,0.9,2.11,8.15
1984-02,68.68,9.3,13.8,18.4,3.3,3.4,12.31
1984-03,62.06,12.3,16.7,21.2,7.9,3.07,12.38
1984-04,9.82,17.1,21.6,26,10.1,4.42,19.6
1984-05,78.96,20.2,24.5,28.8,15.2,4.55,20.07
1984-06,55.8,22.1,26.3,30.4,18.5,3.41,19.98
1984-07,105.96,22.8,27.5,32.1,19.8,2.53,22.72
1984-08,89.06,22.5,27.5,32.5,19.4,2.57,24.24
1984-09,80.18,19.9,24.3,28.6,16.7,3.19,16.89
1984-10,266.53,18.2,22,25.9,16.2,2.06,11.93
1984-11,71.26,10.9,15.8,20.6,8.1,2.23,11.46
1984-12,65.37,12.6,16.7,20.9,10.5,1.94,9.54
1985-01,89.18,3.5,8.1,12.6,0.3,1.64,7.17
1985-02,106.51,5.7,9.8,14,2.6,1.71,7.26
1985-03,131.88,14.1,18,21.9,11.9,1.59,10.44
1985-04,62.11,16.8,21.2,25.5,12.6,3.43,15.86
1985-05,39.45,20.1,24.8,29.4,16.4,2.88,20.23
1985-06,114.98,22.7,27.3,31.9,19.7,2.17,22.75
1985-07,75.78,23,27.8,32.5,20.5,1.42,22.94
1985-08,95.87,23.7,28.9,34,20.6,2.09,27.08
1985-09,106.84,21.4,26.3,31.1,18.8,2.18,21.14
1985-10,167.78,17.8,21.6,25.5,15.8,1.07,12.05
1985-11,185.62,14.6,18.8,23,13.4,1.01,9.73
1985-12,79.96,6.3,11,15.6,3.8,2.03,8.18
1986-01,23.16,8,13,18,3.6,2.37,11.39
1986-02,63.81,10.4,15.5,20.5,7.9,1.6,13.18
1986-03,35.47,12.5,17.7,22.9,7.8,2.65,16.23
1986-04,43.58,16.9,21.1,25.3,14.6,2.21,14.47
1986-05,139.51,19.2,23.4,27.6,18,1.22,14.65
1986-06,173.27,22.7,26.8,30.9,21.9,0.74,16.17
1986-07,38.52,24.4,29.2,34,21.6,3.33,27.56
1986-08,106.55,23.4,28.1,32.8,21.1,2.46,24.5
1986-09,173.6,23.1,26.9,30.6,22,1.19,15.42
1986-10,148.84,16.1,20.2,24.3,15.2,1.29,11.82
1986-11,204.75,12.5,16.4,20.3,12.6,0.4,7.79
1986-12,166.12,7.3,10.8,14.3,6.9,0.59,5.51
1987-01,67.53,5.9,10.5,15.1,4.8,1.23,7.94
1987-02,129,9.4,13.2,17.1,7.9,1.39,8.39
1987-03,26.55,9.7,15.3,20.8,6.4,1.73,14.94
1987-04,5.84,12.6,19.3,26,8.3,2.25,22.91
1987-05,130.01,19.6,23.8,28,19.1,0.02,13.71
1987-06,268.77,23,27,31,21.2,1.56,17.49
1987-07,167.43,23.8,28,32.2,22.1,1.44,19.62
1987-08,49.77,25.4,30.1,34.8,22.3,3.5,29.28
1987-09,86.39,21.4,26.1,30.8,18.8,2.88,21.73
1987-10,6.22,16.1,21.1,26.1,12.2,3.3,18.71
1987-11,98.06,12.1,16.8,21.5,10.5,2.39,12.72
1987-12,119.44,9.7,13.9,18.1,8.9,1.3,8.33
1988-01,41.61,5.4,9.6,13.8,2,2.02,8.59
1988-02,26.6,8.6,12.9,17.1,6.5,2.11,9.89
1988-03,142.92,12.2,16.8,21.4,9.4,2.25,13.06
1988-04,53.65,15.1,20.3,25.5,12.9,2.07,17.53
1988-05,21.11,18.9,23.5,28,16.1,2.79,20.17
1988-06,56.99,22.1,26.7,31.3,20.3,2.26,22.57
1988-07,90.33,24.1,28.4,32.7,22.7,1.74,23.1
1988-08,70.2,25,29.6,34.2,22.7,3.01,27.41
1988-09,60.04,21.6,26.4,31.3,20,2.05,21.97
1988-10,10.96,17.4,22.6,27.8,14.9,2.54,20.22
1988-11,25.29,13.5,18.7,23.9,11.9,1.85,14.82
1988-12,46.61,8.4,13.1,17.8,7.1,1.4,9.29
1989-01,168.4,8.9,13.4,17.8,10.3,0.31,7
1989-02,24.24,6.4,10.1,13.8,6.7,0.62,5.28
1989-03,71.1,9.9,15,20.2,10,0.45,10.42
1989-04,38.86,15,19.6,24.1,13.7,1.37,13.4
1989-05,247.42,19.8,24.1,28.4,19.8,0.14,13.86
1989-06,305.82,21.7,25.5,29.2,21.5,0.23,13.79
1989-07,105.26,23,26.9,30.8,22.4,0.55,16.24
1989-08,144.48,23,26.8,30.7,21.9,1.5,18.05
1989-09,38.68,19.7,24.5,29.3,18,2.41,20.14
1989-10,146.51,17.3,22.3,27.3,14.7,3.01,19.63
1989-11,70.78,13.5,17.9,22.3,11.2,2.01,12.2
1989-12,17.52,3.5,8.2,12.9,0.6,1.91,8.43
1990-01,118.73,10.7,14.8,18.9,8.5,1.72,10.28
1990-02,64.32,11.9,16,20.1,10.2,2.02,9.87
1990-03,141.53,13.1,17,20.8,12.4,1.29,9.03
1990-04,139.79,16.1,20,24,15.5,1.57,11.34
1990-05,81.2,21.4,24.9,28.3,20.1,2.07,14
1990-06,34.37,24.2,28.7,33.1,22.7,2.19,23.69
1990-07,83.3,23.6,27.7,31.7,21.9,2.23,21.17
1990-08,34.81,24,29.2,34.4,21.5,2.81,30.19
1990-09,80.8,22.4,27.1,31.8,20.3,2.72,23.58
1990-10,78.89,15.1,20.9,26.7,13.7,1.96,18.74
1990-11,62.88,12.8,18.3,23.8,12.1,1.82,14.46
1990-12,56.7,7.5,12.8,18.2,7.6,0.87,9.53
1991-01,286.84,6.3,10.2,14,5.6,0.93,5.81
1991-02,124.76,9,14.1,19.2,6.8,1.39,11.44
1991-03,72.33,12.9,18.1,23.3,10.5,1.56,15.72
1991-04,255.49,18.2,22.1,26.1,17.4,0.96,12.44
1991-05,111.27,21.2,25.3,29.4,19.9,1.94,16.46
1991-06,212.18,23.6,27.9,32.1,22.2,1.89,19.58
1991-07,52.26,24.8,29.1,33.5,22.2,3.44,24.81
1991-08,64.25,24.7,29,33.3,21.6,3.83,25.97
1991-09,131.54,21.1,25.7,30.3,19.1,2.9,19.89
1991-10,52.09,17.5,23.3,29,15.5,2.08,22.44
1991-11,155.67,8.9,14.1,19.2,7,1.81,11.04
1991-12,238.87,10.6,14.3,17.9,9.5,1.38,7.55
1992-01,182.31,6.9,11.1,15.3,5.1,1.53,8.28
1992-02,262.21,10.7,15.4,20,8.4,1.78,12.01
1992-03,215.85,12.4,17.8,23.3,11.3,1.46,14.68
1992-04,135.57,16,20.8,25.5,14.1,1.39,16.17
1992-05,225.13,19.1,23.5,27.9,17.3,2.02,17.04
1992-06,120.65,23.4,27.9,32.5,22,1.56,21.92
1992-07,91.88,24.8,28.9,33.1,22.9,1.78,22.67
1992-08,100.93,22.4,27.3,32.3,20.1,2.32,24.51
1992-09,79.43,22.3,26.9,31.5,20.1,2.37,21.42
1992-10,23.83,16.2,22.3,28.4,14.2,2.15,22.27
1992-11,193.69,9.1,14.3,19.4,8.4,1.21,10.37
1992-12,113.51,9.6,14.1,18.6,9.4,0.86,8.04
1993-01,162.13,7.6,12.3,17,7,1.02,7.99
1993-02,69.43,8.9,13.9,19,7.3,1.68,11.28
1993-03,199.68,11.5,16.5,21.5,9.6,1.54,13.2
1993-04,152.25,14.1,19.1,24.1,11.7,2.22,15.23
1993-05,153.43,18.5,23.1,27.7,16.8,1.84,17.29
1993-06,242.32,23.7,27.4,31.1,21.9,2.18,17.87
1993-07,33.28,25.1,29.5,33.9,22.7,2.39,25.61
1993-08,30.11,25.1,30,35,21.9,2.92,31.44
1993-09,22.14,22,27.3,32.7,18.9,2.82,27.79
1993-10,184.8,16.5,21.6,26.7,15,1.75,17.41
1993-11,145.09,8.2,13.7,19.2,7.9,0.86,10.04
1993-12,60.94,8.3,13.2,18.1,6.9,1.25,10.07
1994-01,57.67,6.9,11.7,16.5,6.1,1.06,8.32
1994-02,57.89,8.2,13.1,18,7.1,1.34,9.47
1994-03,57.87,11.6,17,22.3,10.9,1.28,12.84
1994-04,42.48,16.2,20.8,25.3,14.8,1.89,14.28
1994-05,145.43,19.5,24.2,28.8,18.2,1.77,17.38
1994-06,166.19,24,28,32.1,22.5,1.56,19.49
1994-07,17.82,24.6,29.4,34.1,22.1,2.47,27.5
1994-08,142.54,23.8,28.1,32.4,21.9,2.06,21.71
1994-09,75.43,20.6,26,31.3,18.3,2.29,23.37
1994-10,389.27,17.7,22.5,27.2,16,2.07,17.17
1994-11,22.74,14.5,19.4,24.4,13.4,2.04,13.4
1994-12,130.8,9.9,14.5,19.1,9.2,1.08,8.72
1995-01,149.25,7.7,12.7,17.6,7.1,1.13,9.14
1995-02,66.02,9.2,15,20.8,8.3,0.95,12.54
1995-03,121.74,12.4,16.9,21.5,12,0.75,11.05
1995-04,103.29,15.3,20.2,25.2,14.3,1.15,14.52
1995-05,151.82,20.9,25.3,29.6,19.5,1.73,17.46
1995-06,106,22,27,32,20.1,1.92,23.59
1995-07,84.9,24.7,29.4,34.1,23,1.84,25.12
1995-08,117.96,25,29.5,34,23.3,1.81,23.63
1995-09,42.44,22.2,27.6,33,19.9,2.24,27.11
1995-10,35.69,16.2,21.8,27.5,13.7,2.1,19.33
1995-11,106.42,11.4,16.7,22.1,10.3,1.16,12.83
1995-12,131.4,9.2,13.8,18.5,8.3,1,9.59
1996-01,27.13,5.7,11.9,18,5.3,0.89,10.08
1996-02,12.18,9.5,14.8,20.1,6.6,1.71,14.94
1996-03,19.92,8.7,14.2,19.6,6,1.55,12.66
1996-04,48.26,14.9,20.3,25.7,12.4,1.63,18.2
1996-05,15.72,22.2,26.3,30.4,19.9,2.03,19.62
1996-06,161.64,23.4,28.1,32.7,21.3,2,23.05
1996-07,29.61,25.1,29.8,34.4,22.8,2.54,25.64
1996-08,192.55,23.9,28.3,32.8,22,1.63,22.55
1996-09,194.92,22,26.6,31.2,20.5,1.6,19.53
1996-10,55.58,17.2,22,26.9,15.9,1.46,15.83
1996-11,70.76,13,17.9,22.8,12.3,1.03,12.01
1996-12,88.07,9.7,14.9,20.1,9,0.78,10.99
1997-01,148.05,7.2,11.4,15.6,5.2,0.96,8.43
1997-02,127.07,9,13.3,17.7,7.6,1.14,9.43
1997-03,203.5,14.2,18.9,23.6,13.7,1.12,11.71
1997-04,232.41,13.8,18.3,22.8,11.6,1.64,12.94
1997-05,225.29,19.2,23.7,28.2,18,1.15,15.8
1997-06,91.13,23.3,27.5,31.7,21.5,1.64,19.97
1997-07,33.88,25,29.7,34.4,22.9,1.96,25.64
1997-08,86.45,24.5,29.4,34.3,21.8,2.37,28.05
1997-09,210.84,22.4,27.4,32.4,20.1,2.24,24.3
1997-10,206.19,17.4,21.6,25.9,15.6,1.47,14.25
1997-11,84.15,10.1,14.9,19.8,9.5,0.95,10.82
1997-12,143.76,6.1,11.5,16.9,5.2,0.89,9.2
1998-01,158.93,9.9,14.8,19.8,10.1,0.53,9.03
1998-02,131.91,9.2,14.1,18.9,8.2,0.7,10.33
1998-03,49.68,11.3,16.2,21.1,8.9,1.59,12.64
1998-04,12.54,14.8,20.1,25.4,11.8,1.64,18.06
1998-05,0,21.5,26.6,31.7,19.4,1.79,23.36
1998-06,65.24,25.4,29.9,34.3,23,2.26,26.2
1998-07,26.27,25.1,30.4,35.8,23.4,1,30.5
1998-08,109.33,25.3,29.9,34.6,22.5,2.27,28.17
1998-09,336.56,24.1,28.3,32.4,22.5,1.25,20.61
1998-10,198.11,19.2,23.5,27.9,17.9,1.33,15.99
1998-11,246.57,14.4,18.6,22.8,14.1,0.71,10.18
1998-12,107.78,9.1,13.7,18.4,9,0.62,9.19
1999-01,70.93,9.4,14.8,20.2,9.5,0.63,10.35
1999-02,15.62,12.2,17.3,22.5,10.4,1.15,12.91
1999-03,146.48,12.8,17.9,23,11.8,0.87,12.85
1999-04,18.55,18.1,22.9,27.6,16.2,1.45,17.65
1999-05,166.39,20.5,25.2,30,18.7,1.58,18.98
1999-06,178.46,23.9,27.8,31.6,22.6,1.15,17.26
1999-07,115.29,24.6,28.7,32.8,22.8,1.71,20.7
1999-08,17.03,25.7,30.8,36,22.4,2.84,32.43
1999-09,75.03,21,26.8,32.5,17.6,2.84,28.39
1999-10,17.45,16.1,22,27.9,13.8,1.87,21.22
1999-11,40.95,12.1,18.5,24.9,10.3,1.04,18.29
1999-12,61.93,7.5,13.6,19.6,6.1,1.31,12.22
2000-01,38.9,9.3,14.6,20,7.5,1.08,12.42
2000-02,39.53,12,17.2,22.3,10.5,0.94,13.4
2000-03,49.83,14.8,20,25.2,14.3,0.7,14.52
2000-04,149.48,15.9,21.2,26.4,14.3,1.33,16.92
2000-05,250.7,21.7,25.9,30.1,20.7,1.21,16.28
2000-06,77.87,23.6,27.9,32.3,22,1.3,21.26
2000-07,24.35,24.7,30.2,35.8,21.5,2.17,34.55
2000-08,38.65,24.6,30,35.4,21.3,2.07,33.74
2000-09,79.58,21.2,27.2,33.3,18.2,2.68,30.59
2000-10,89.64,17.8,22.3,26.8,16.3,0.98,16.17
2000-11,301.14,10.8,15.5,20.2,10.5,0.76,9.73
2000-12,61.62,4.8,9.6,14.4,3.9,0.88,7.61
2001-01,117.9,5.1,9.8,14.5,5.2,0.39,7.48
2001-02,6.95,11.5,15.7,20,10.4,1.11,9.4
2001-03,286.25,9.3,14.3,19.3,8.8,0.74,10.94
2001-04,37.44,17.7,22.1,26.4,16.9,1.12,14.79
2001-05,117.19,19.7,24.9,30.1,18.6,1.06,19.91
2001-06,443.27,23.4,27.8,32.3,21.6,1.54,22.15
2001-07,75.83,24.8,29.2,33.7,22.7,1.86,24.21
2001-08,183.28,24.3,29,33.6,22.7,1.68,25.99
2001-09,189.52,21,25.6,30.2,20.2,1.2,18.81
2001-10,144.64,15.1,20.3,25.4,14.4,1.21,14.77
2001-11,101.56,12.2,18.2,24.2,13.4,0.31,14.6
2001-12,161.88,9.3,14.3,19.3,9.1,0.8,9.24
2002-01,40.41,8.2,13.4,18.7,7.6,0.78,10.31
2002-02,32.59,6.3,12.1,17.9,4.1,1.26,12.05
2002-03,90,11.6,16.8,22,10.9,0.99,11.88
2002-04,132.71,18.5,22.8,27.2,17.7,0.98,15.31
2002-05,84.94,21.1,25.3,29.6,19.1,2.02,19.11
2002-06,119.77,23.5,27.7,32,22.1,1.48,21.03
2002-07,128.34,25,29.1,33.3,23.2,1.57,22.55
2002-08,170.63,24.7,29.1,33.6,22.5,1.78,24.48
2002-09,149.13,22.4,26.9,31.3,21.1,1.58,20.95
2002-10,235.4,18.6,22.7,26.7,18.3,0.64,13.69
2002-11,114.65,10.2,15.6,21,9.3,1.12,13.14
2002-12,145.67,7.3,12.6,17.9,8.8,0.45,8.34
2003-01,59.43,5.4,10.3,15.2,4.8,0.76,8.05
2003-02,105.06,7.7,12.5,17.3,8.5,0.44,7.96
2003-03,59.36,11.8,16.6,21.3,11.4,0.66,11.34
2003-04,26.06,16.9,21.2,25.6,14.8,1.15,15.06
2003-05,2.68,22.7,27.1,31.4,19.9,2.58,21.64
2003-06,143.32,23.7,28.3,32.8,22.5,1.27,21.3
2003-07,149.03,24.5,28.4,32.3,23.6,1.22,18.89
2003-08,114.6,25,29.4,33.7,22.6,1.88,24.96
2003-09,187.83,22.4,26.6,30.7,20.4,1.73,20.31
2003-10,116.1,17,22.2,27.5,16.4,1,17.62
2003-11,145.61,14.5,19.4,24.3,13.6,1.12,13.35
2003-12,92.87,6.4,12.4,18.4,6.4,0.69,10.73
2004-01,138.87,9.2,13.3,17.5,8.5,0.75,7.59
2004-02,144.23,7.9,12.1,16.2,7.4,0.52,7.61
2004-03,73.7,15.4,19.7,24,14,1.18,13.23
2004-04,130.72,16.3,21,25.6,15.2,0.98,15.76
2004-05,191.57,21.1,24.9,28.8,19.7,1.43,15.7
2004-06,326.46,23.8,27.4,31,23.4,1.26,14.99
2004-07,86.63,24.7,28.9,33.2,23.7,1.42,21.03
2004-08,90.5,24.2,28.8,33.4,21.8,2.81,25.09
2004-09,44.3,22.9,27.7,32.4,20.3,2.78,25.51
2004-10,89.78,20.7,25.1,29.5,20.1,1.22,17.3
2004-11,414.76,13.2,17.8,22.5,13.7,0.96,10.52
2004-12,86.79,7.7,12.7,17.8,6.5,1.07,10.37
2005-01,58.62,9.5,14.2,18.9,8.9,0.64,9.25
2005-02,178.72,11.6,15.1,18.7,9.8,1.26,8.96
2005-03,75.31,11.7,17,22.3,9.7,1.55,14.89
2005-04,29.91,15.7,20.9,26,12.3,2.31,18.78
2005-05,126.86,19.6,24.6,29.6,16.7,2.3,22.55
2005-06,11.22,25,29.4,33.8,21.3,3.65,27.95
2005-07,369.84,25.2,29.7,34.3,22.8,2.4,26.51
2005-08,146.17,25.7,30,34.4,22.4,3.38,27.22
2005-09,95.23,24.5,29.3,34.1,21,3.29,29.47
2005-10,28.44,16.9,22.4,27.9,13.2,2.93,21.69
2005-11,105.63,13.1,18.8,24.6,10.5,1.46,17.15
2005-12,104.67,6.3,12,17.7,4.7,1.41,11.5
2006-01,96.5,9.8,15.5,21.2,7,2.03,14.7
2006-02,37.48,8.4,13.7,19,5.8,1.57,12.31
2006-03,52.18,14.2,18.9,23.6,11.4,1.73,14.95
2006-04,99.2,18.8,23.4,27.9,16.6,2.25,17.99
2006-05,167.43,20.6,25.5,30.4,17.4,3.07,22.74
2006-06,236.11,23.4,28,32.6,20.2,3.17,25.77
2006-07,262.41,25,28.6,32.2,22.4,2.9,20.23
2006-08,149.3,25.9,30,34.1,22.3,3.59,26.02
2006-09,113.88,21.9,26.7,31.5,18.6,3.32,24.27
2006-10,319.06,18.4,23,27.7,16,3.05,17.69
2006-11,22.03,12.3,17.8,23.3,10.7,1.93,14.26
2006-12,97.84,8.6,13.3,18,6.6,1.45,9.6
2007-01,183.23,6.4,10.5,14.7,5.5,0.88,7.29
2007-02,33.61,8.2,13.1,18,6.2,1.29,11.17
2007-03,150.43,14.9,19.4,24,12.1,1.97,14.46
2007-04,139.31,15,19.5,24,12.5,1.93,15.01
2007-05,261.16,20.6,24.9,29.1,17.9,2.82,19.05
2007-06,183.36,24.4,28.4,32.4,21.8,3.19,21.67
2007-07,327.71,24.2,27.7,31.3,22.7,1.98,17.17
2007-08,265.39,26.1,30.1,34.2,22.7,4.18,26.67
2007-09,156.34,23.5,27.7,31.9,21,2.86,21.47
2007-10,77.24,18.1,23.3,28.5,15,2.71,20.52
2007-11,140.59,13.1,18.1,23.1,11.4,1.27,14.34
2007-12,61.5,9.4,15,20.7,8.7,1.29,11.53
2008-01,147.99,7,11.8,16.5,5,1.21,9.41
2008-02,77.74,10.3,15.9,21.6,8.5,1.76,12.95
2008-03,68.88,12.8,18,23.3,10.4,2.11,14.93
2008-04,43.65,17.3,21.8,26.2,13.5,3.09,17.14
2008-05,68.13,21.8,25.9,30,18.2,3.85,21.48
2008-06,79.45,25.3,29.7,34,21.5,4.19,27.72
2008-07,153.69,25.5,29.6,33.8,21.6,3.83,27.25
2008-08,269.68,25.2,29.2,33.2,21.9,3.24,25.33
2008-09,427.18,21.4,26,30.7,17.6,3.97,24.19
2008-10,97.99,16.5,21.6,26.8,12.8,2.38,20.14
2008-11,101.31,12.6,17.8,23,10.3,1.53,14.55
2008-12,46.73,8.1,13.1,18.2,6.7,1.14,9.27
2009-01,9.27,7,12.8,18.6,4.5,1.34,12.06
2009-02,48.97,11.3,16.4,21.6,8.4,1.44,13.68
2009-03,72.8,12,17,22,10.3,1.1,13.95
2009-04,259.57,15.5,20.1,24.8,12.2,1.6,16.88
2009-05,10.77,21.3,25.6,29.9,18.4,2.34,20.99
2009-06,19.55,24.5,29.5,34.4,20.9,3.42,30.81
2009-07,94.56,25.6,30.6,35.7,22.1,3.07,34.51
2009-08,110.38,25.3,30.1,35,21.9,3.3,31.95
2009-09,122.27,22.1,26,29.9,19.9,2.08,18.69
2009-10,291.22,17.5,22,26.5,16.8,1.36,13.8
2009-11,48.28,12.3,17.3,22.2,10.5,1.61,13.57
2009-12,129.28,6.1,10,13.8,4.8,0.87,6.06
2010-01,56.66,5.8,10.3,14.8,3.8,0.92,8.11
2010-02,80.54,4.7,9.1,13.4,2.9,0.96,7.21
2010-03,53.78,10.3,15.2,20.2,7.4,1.17,13.19
2010-04,45.27,16.5,20.7,25,13.6,1.74,15.9
2010-05,99.62,21.7,26.3,30.9,18.6,2.39,23.92
2010-06,120.1,24.8,29.1,33.4,22.5,2.24,24.86
2010-07,407.02,25,28.8,32.6,23,2,20.93
2010-08,47.03,26.2,30.9,35.7,22.3,4.12,32.63
2010-09,146.04,23.1,27.2,31.4,20.9,2.02,21.16
2010-10,0.49,17.6,23.1,28.7,12.2,3.84,25.32
2010-11,132.21,12.3,17.2,22.1,10.8,1.12,12.91
2010-12,96.43,8.2,13,17.9,5.7,1.57,10.28
2011-01,97.49,6.2,10.9,15.7,3.6,1.28,9.26
2011-02,18.92,7.8,13,18.3,6.6,0.58,10.68
2011-03,18.12,14.1,19,23.8,11.9,1.03,15.11
2011-04,5.26,18.4,23.3,28.2,14.4,2.45,21.41
2011-05,17.18,20.4,25.2,30,16.7,2.76,23.45
2011-06,46.75,25.1,30,35,21,3.83,33.3
2011-07,97.29,26,30.7,35.4,22,3.65,33.11
2011-08,6.1,26.2,32.7,39.1,21.6,3.71,49.11
2011-09,48.53,22.1,28.7,35.3,17.5,3.82,40.26
2011-10,117.15,17.1,23,28.9,13,2.87,25.85
2011-11,66.58,12.4,17.9,23.5,9.9,1.88,15.64
2011-12,142.29,8.5,12.9,17.2,7.3,0.8,9.14
2012-01,189.83,10,15.3,20.7,7.9,1.35,12.82
2012-02,204.74,11.2,15.4,19.6,9.7,1.06,9.81
2012-03,163.85,16.3,21,25.8,14.6,1.24,17
2012-04,65.08,18.4,23.4,28.4,15.1,1.96,21.25
2012-05,116.93,21.4,26.4,31.5,18.4,2.19,26.61
2012-06,101.3,24.3,29.6,34.8,20.6,3.53,33.75
2012-07,295.65,24.4,29,33.7,22.1,2.09,27.68
2012-08,64.35,25.4,30.7,36,21.7,3.45,35.92
2012-09,84.95,22.4,27.6,32.7,19.7,2.22,27.69
2012-10,17.98,17,22.5,28,13.9,2.74,22.5
2012-11,35.39,12.4,18.5,24.6,9.5,2.04,19.66
2012-12,53.55,10.4,15.7,20.9,8.5,1.36,12.96
2013-01,109.71,8.9,13.3,17.8,7.8,0.69,9.58
2013-02,60.51,10.4,15.7,21,7.2,1.64,14.21
2013-03,11.27,11.2,16.5,21.9,6.5,2.23,16.56
2013-04,177.14,14.2,19.4,24.6,12.8,1.07,14.88
2013-05,73.13,19.7,24.2,28.7,16.6,2.16,19.81
2013-06,51.69,24.4,29.5,34.6,21.1,2.88,31.63
2013-07,118.3,24.9,29.4,33.9,21.1,3.56,28.77
2013-08,128.27,25.2,29.9,34.6,21.5,3.21,30.8
2013-09,130.67,23.9,28.5,33.1,20.8,2.91,27.38
2013-10,134.13,18.3,23.1,27.9,16,1.96,18.94
2013-11,177.12,10.5,15.4,20.2,8.7,1.51,11.89
2013-12,26.27,6.9,11.8,16.7,5.9,0.94,9.1
2014-01,23.73,4.9,10.5,16.1,1.6,1.28,11.53
2014-02,81.71,8.5,13.1,17.7,7.6,0.6,9.43
2014-03,72.07,10.3,15.4,20.5,9.1,0.93,11.81
2014-04,26.76,16.5,21.2,25.9,13.5,1.3,18.02
2014-05,224.97,18.9,23.6,28.4,15.5,2.06,21.23
2014-06,94.34,24.3,28.4,32.5,21.7,2.58,23.75
2014-07,117.48,24.7,29.5,34.3,22,2.7,30
2014-08,184.98,25.1,29.9,34.6,21.8,3.32,31.01
2014-09,247.59,23,27.1,31.1,20.8,2.22,20.8
2014-10,101.59,18.6,24,29.4,15.7,2.22,22.55
2014-11,105.46,9.9,14.8,19.6,6.7,1.9,12.67
2014-12,137.41,10.6,14.7,18.9,10.1,0.69,8.06
2015-01,106.54,5.9,10.4,14.8,3.3,1.15,10
2015-02,20.21,7.5,12.5,17.5,6.3,0.73,10.04
2015-03,171.04,12.2,16.9,21.6,11.4,0.51,12.44
2015-04,226.06,18.8,22.9,26.9,17.4,1.11,14.88
2015-05,492,21.8,25.2,28.7,20,1.86,14.44
2015-06,131.24,24.6,28.3,31.9,21.9,2.88,20.75
2015-07,138.63,25.6,30.5,35.4,22.1,3.26,33.54
2015-08,177.94,24.8,30.1,35.5,20.9,3.8,35.75
2015-09,117.86,22.8,27.1,31.5,20,2.4,23
2015-10,390.26,19,23.7,28.5,15.3,3.19,21.48
2015-11,178.83,14.5,18.6,22.7,13,1.82,10.99
2015-12,111.55,11.9,16.5,21.2,10.6,1.04,11.34
2016-01,80.79,6.9,12,17.1,4.8,1.29,10.71
2016-02,47.62,10.7,16.1,21.4,6,1.65,15.91
2016-03,123.87,14.8,19.3,23.9,13.1,1.21,13.43
2016-04,274.41,17.6,22.1,26.5,14.5,1.57,17.81
2016-05,218.53,20.6,24.8,29.1,18.2,1.75,19.02
2016-06,218.39,24.3,28.6,32.9,21.8,2.28,25.09
2016-07,110.59,26.6,30.6,34.5,23.2,3.52,27.09
2016-08,229.21,25.7,29.4,33.2,22.9,3.4,22.89
2016-09,97.25,24.7,28.7,32.8,21.9,3.01,22.89
2016-10,10.61,20,24.7,29.3,16.9,2.69,20.2
2016-11,41.61,15.8,20.6,25.4,13.2,1.79,16.86
2016-12,74.91,11,15.2,19.4,8.9,1.27,10.02
2017-01,296.29,11.1,15.8,20.4,8.5,1.18,12.45
2017-02,67.22,14.2,19.3,24.3,11.6,1.13,16.65
2017-03,150.39,16.1,20.6,25,13.6,1.26,16.42
2017-04,63.67,17.5,22.5,27.5,15.1,2.07,19.47
2017-05,101.84,20.3,24.8,29.3,16.3,3.15,21.95
2017-06,159.13,23.9,28,32,21.3,2.5,22.77
2017-07,98.13,25.7,30.2,34.8,22.3,4.05,30.34
2017-08,938.6,25.5,29.2,32.9,22.6,3.27,23.36
2017-09,72.76,22.7,27.3,31.8,19.7,3.32,24.51
2017-10,54.42,17.9,23.3,28.7,13.5,3.12,23.4
2017-11,21.49,15.4,20.4,25.3,12.8,1.15,16.84
2017-12,108.56,8.6,13.2,17.8,6.7,1.21,10.56
2018-01,91.41,3.9,9.2,14.5,1.5,1.02,9.05
2018-02,149.23,12.7,16.9,21,12.9,0.98,8.36
2018-03,83,14.6,19.7,24.7,11.5,1.96,16.79
2018-04,74.9,14.8,20.1,25.3,11.6,2.04,18.65
2018-05,59.01,21.1,26.2,31.2,19.4,1.23,23.03
2018-06,103.05,24.8,29,33.2,23.2,1.16,22.06
2018-07,183.78,25,29.7,34.3,21.8,2.05,29.47
2018-08,59.77,25.4,29.8,34.1,22,2.42,27.86
2018-09,253.91,23.8,27.5,31.2,22.2,1.16,19.08
2018-10,93.78,19.1,23.3,27.6,17.4,1.71,17.7
2018-11,127.37,10.6,15.2,19.7,9.1,1.06,11.55
2018-12,207.65,9.5,14.2,18.8,7.3,1.23,11.72
2019-01,126.49,7.2,12.4,17.5,5.5,1.22,10.75
2019-02,93.02,11.5,15.5,19.4,10.5,0.7,8.58
2019-03,17.31,12.4,17.3,22.1,9,1.56,14.03
2019-04,76.25,16,21,26.1,14.2,1.37,18.74
2019-05,202.84,22.2,26.2,30.2,20.4,2.41,20.09
2019-06,246.84,23.9,28.7,33.6,21.9,3.08,27.24
2019-07,36.99,25.3,29.9,34.5,22.3,3.93,31.22
2019-08,141.19,25.9,30.3,34.6,23.6,3.33,27.05
2019-09,321.15,24.9,29,33.2,22.2,3.45,25.16
2019-10,123.79,18.4,23.1,27.9,17,2.76,17.64
2019-11,63.62,10.2,15.5,20.8,9.2,1.17,12.99
2019-12,21.97,10,15.4,20.8,8,1.36,13.82
2020-01,120.88,10.2,14.8,19.4,9.5,1.5,9.53
2020-02,57.35,9.1,14,19,8.3,1.51,10.39
2020-03,25.6,17.5,21.8,26,16.1,2.12,15.39
2020-04,60.42,17.1,21.7,26.4,15.6,2.51,16.64
2020-05,85.21,20.6,25.4,30.2,18.5,2.8,21.72
2020-06,188.41,24.2,28.2,32.2,21.3,3.99,23.18
2020-07,168.91,25.5,29.4,33.3,23.5,2.28,24.06
2020-08,92.26,25.3,29.9,34.5,22.3,3.9,30.06
2020-09,334.55,22.8,26.9,30.9,20.5,2.98,21.86
2020-10,27.95,17.2,22.2,27.1,16.2,1.9,17.84
2020-11,131.38,15.1,19.8,24.6,13.2,1.57,15.67
2020-12,129.43,8.5,13.3,18.1,7.2,1.43,10.07
