Year,Month,Nllano (mm),Sllano (mm),Junction (mm),mason (mm),llano (mm)
1948,1,186.884,188.593,188.954,183.561,177.128
1948,2,183.893,185.797,186.250,189.249,188.837
1948,3,179.508,181.753,182.355,194.946,200.121
1948,4,190.232,192.517,193.212,206.063,214.693
1948,5,217.071,219.910,220.527,235.859,249.391
1948,6,265.165,271.127,271.394,262.814,256.929
1948,7,291.381,298.804,298.564,264.943,239.662
1948,8,266.242,272.722,272.639,244.663,223.853
1948,9,274.628,281.377,280.806,238.640,207.173
1948,10,286.402,293.276,291.994,238.157,194.789
1948,11,267.561,273.507,272.214,223.323,182.321
1948,12,251.686,256.516,255.765,217.453,184.265
1949,1,271.756,276.406,276.476,246.733,220.067
1949,2,327.438,332.422,332.385,295.727,264.992
1949,3,336.410,341.190,340.745,308.551,280.758
1949,4,353.249,357.111,357.772,357.897,351.157
1949,5,372.037,374.051,375.848,392.423,390.434
1949,6,362.737,364.322,365.595,364.092,348.936
1949,7,329.626,332.613,332.713,317.159,296.793
1949,8,310.603,314.099,313.227,281.775,248.962
1949,9,332.810,335.591,333.794,279.631,231.974
1949,10,361.266,363.698,361.207,301.199,253.840
1949,11,341.677,344.145,341.576,289.272,249.475
1949,12,328.884,331.323,328.935,286.988,254.388
1950,1,321.276,323.658,321.563,289.151,262.475
1950,2,306.587,308.888,307.921,300.361,287.343
1950,3,276.164,278.847,278.662,291.046,293.315
1950,4,286.823,290.084,290.252,303.088,306.223
1950,5,323.061,325.561,325.820,328.824,326.115
1950,6,317.277,318.687,318.356,308.494,299.895
1950,7,325.363,327.085,326.003,288.718,263.942
1950,8,341.940,343.984,341.859,274.936,228.523
1950,9,333.950,336.064,333.326,266.484,220.746
1950,10,300.421,302.827,300.782,249.528,214.375
1950,11,259.810,261.807,260.046,218.597,189.280
1950,12,231.383,233.209,231.659,195.735,169.583
1951,1,209.049,210.716,209.320,177.312,153.984
1951,2,195.918,197.671,196.601,175.051,159.729
1951,3,195.913,197.926,197.208,188.009,182.946
1951,4,195.325,197.842,197.595,198.186,197.530
1951,5,203.124,206.611,207.276,235.951,241.314
1951,6,214.406,217.944,218.851,257.968,266.178
1951,7,178.597,180.741,180.899,203.373,207.536
1951,8,167.935,169.494,169.366,172.235,170.159
1951,9,160.049,161.160,160.901,163.886,174.148
1951,10,147.212,148.893,148.051,156.296,174.397
1951,11,135.331,137.535,136.346,142.501,156.832
1951,12,124.154,126.302,125.024,130.226,142.950
1952,1,114.009,115.970,114.787,120.917,132.519
1952,2,110.920,113.312,112.166,121.244,133.841
1952,3,118.879,122.056,121.157,135.188,151.341
1952,4,154.189,157.880,158.204,192.670,222.705
1952,5,219.781,222.337,224.018,272.560,309.452
1952,6,225.968,226.810,228.850,276.583,308.388
1952,7,185.587,186.022,187.752,228.520,254.776
1952,8,142.602,142.726,143.837,171.154,187.589
1952,9,181.345,182.473,187.196,250.210,269.279
1952,10,205.414,207.240,214.534,303.437,324.174
1952,11,215.844,218.289,224.468,303.343,324.376
1952,12,248.665,252.218,257.914,341.101,371.107
1953,1,243.628,247.295,252.669,339.157,375.339
1953,2,222.855,226.177,231.345,318.851,356.177
1953,3,219.678,222.163,226.609,305.811,341.995
1953,4,211.171,212.706,216.987,301.283,346.897
1953,5,214.893,217.012,221.321,314.507,373.625
1953,6,187.238,189.175,192.232,267.357,320.977
1953,7,171.559,172.241,174.953,231.267,268.727
1953,8,168.891,170.425,172.193,213.634,244.545
1953,9,173.701,178.050,177.992,213.454,242.927
1953,10,194.519,199.506,198.773,240.574,271.163
1953,11,191.488,195.459,195.092,239.700,271.694
1953,12,179.368,183.364,182.917,225.707,260.537
1954,1,175.267,179.454,178.865,216.409,250.348
1954,2,162.158,165.936,165.418,196.386,224.863
1954,3,145.170,147.865,147.662,181.298,207.969
1954,4,164.296,166.022,165.989,191.525,206.534
1954,5,202.581,203.308,202.944,213.419,215.662
1954,6,215.020,216.294,214.724,198.452,181.889
1954,7,181.592,184.063,182.019,160.407,143.420
1954,8,144.216,146.177,144.192,121.283,109.832
1954,9,128.807,130.739,128.795,108.397,98.247
1954,10,136.635,138.914,137.242,123.437,114.259
1954,11,135.203,137.544,136.603,138.572,137.855
1954,12,121.943,123.996,123.327,129.623,134.071
1955,1,129.854,132.029,131.614,140.765,146.322
1955,2,142.576,145.364,145.384,164.099,177.451
1955,3,142.012,145.200,145.246,169.005,187.828
1955,4,124.610,127.316,127.355,149.451,168.722
1955,5,140.166,143.221,143.656,174.305,193.970
1955,6,168.572,172.130,173.074,215.886,238.523
1955,7,202.164,206.770,206.746,223.792,235.172
1955,8,236.859,242.732,241.771,227.527,224.639
1955,9,249.428,255.036,254.549,239.550,231.727
1955,10,239.707,245.027,244.962,231.880,218.775
1955,11,230.320,235.670,235.042,213.570,194.783
1955,12,220.697,226.169,225.252,205.851,189.754
1956,1,213.992,219.172,218.586,206.340,196.329
1956,2,210.408,215.196,214.904,207.675,201.483
1956,3,188.953,193.018,192.801,189.410,185.613
1956,4,175.722,178.101,178.421,174.753,167.736
1956,5,198.368,198.283,200.070,192.169,174.241
1956,6,193.349,191.439,193.833,184.369,163.699
1956,7,178.014,176.064,177.792,153.288,130.821
1956,8,172.563,172.047,172.869,133.805,109.171
1956,9,150.630,151.752,151.993,116.829,94.147
1956,10,147.982,149.485,148.883,115.096,93.902
1956,11,150.057,151.705,151.175,128.696,115.959
1956,12,148.280,149.822,149.887,143.987,145.529
1957,1,150.692,152.258,152.486,151.514,158.250
1957,2,158.039,159.987,160.553,167.070,176.502
1957,3,172.346,174.987,175.752,193.248,210.302
1957,4,262.455,269.126,269.467,297.926,325.961
1957,5,387.855,399.242,399.497,428.544,465.002
1957,6,390.317,401.031,401.454,424.175,463.039
1957,7,302.585,310.415,311.458,336.543,369.763
1957,8,257.018,264.540,264.455,266.912,280.042
1957,9,268.619,278.194,277.409,270.940,274.412
1957,10,351.052,360.237,359.146,338.803,332.789
1957,11,426.641,433.632,432.513,405.204,396.531
1957,12,429.411,436.057,435.058,416.914,411.594
1958,1,428.799,436.123,434.940,417.507,411.788
1958,2,455.626,462.918,462.219,454.103,457.753
1958,3,464.086,470.485,470.533,474.424,484.811
1958,4,439.618,444.878,445.465,451.741,461.186
1958,5,424.990,429.384,429.753,445.210,455.639
1958,6,416.178,420.845,420.551,438.011,449.783
1958,7,355.439,359.864,358.540,362.387,375.295
1958,8,313.764,317.100,315.488,309.718,312.840
1958,9,349.094,354.078,352.324,329.983,319.907
1958,10,391.195,398.568,396.756,371.101,355.357
1958,11,387.968,395.417,393.697,371.097,357.024
1958,12,362.673,369.435,368.113,352.622,342.853
1959,1,329.126,335.286,334.259,325.517,319.670
1959,2,313.850,320.009,319.770,327.973,328.504
1959,3,290.481,296.541,296.590,312.418,317.963
1959,4,294.151,299.824,300.361,324.361,336.291
1959,5,303.044,307.896,308.094,333.687,347.247
1959,6,366.000,371.368,371.370,394.973,400.196
1959,7,397.099,401.710,401.764,419.803,425.789
1959,8,349.487,353.827,353.818,368.988,385.500
1959,9,316.550,318.507,318.376,327.069,344.952
1959,10,329.807,329.046,329.651,355.062,387.173
1959,11,345.355,345.208,346.410,392.173,438.095
1959,12,344.864,345.213,346.111,390.797,434.441
1960,1,349.614,349.412,350.429,398.156,441.747
1960,2,356.404,356.599,357.483,404.612,448.012
1960,3,354.536,356.085,356.672,400.489,440.972
1960,4,330.893,332.326,333.361,378.177,414.935
1960,5,300.504,301.551,302.817,340.957,368.604
1960,6,249.980,252.291,254.559,301.069,324.704
1960,7,250.563,254.399,255.950,296.998,315.041
1960,8,289.829,294.816,295.169,311.819,312.290
1960,9,280.371,284.438,284.204,288.620,284.378
1960,10,276.278,280.223,280.090,294.834,306.939
1960,11,277.760,281.894,282.068,308.790,332.075
1960,12,309.587,314.435,314.938,340.038,353.991
1961,1,354.859,359.970,360.663,378.774,383.588
1961,2,358.748,363.866,365.168,400.953,420.720
1961,3,331.811,336.559,338.596,394.539,429.830
1961,4,287.166,291.478,293.028,341.860,376.998
1961,5,253.656,256.583,258.282,297.638,324.066
1961,6,342.899,343.956,345.234,350.353,355.249
1961,7,425.322,427.367,427.030,408.730,404.465
1961,8,384.645,388.254,385.928,354.462,339.405
1961,9,330.791,333.653,331.322,308.970,303.980
1961,10,316.304,318.030,316.344,302.875,300.271
1961,11,323.161,324.488,322.769,306.722,300.234
1961,12,308.089,310.087,308.359,298.054,293.993
1962,1,282.079,283.987,282.416,276.827,276.695
1962,2,261.234,262.827,261.607,256.802,255.667
1962,3,241.537,243.087,242.188,241.561,241.979
1962,4,254.504,256.301,256.034,268.306,276.803
1962,5,242.059,244.652,245.243,273.162,288.620
1962,6,228.782,230.980,232.154,264.612,282.373
1962,7,212.320,213.656,214.927,241.837,252.261
1962,8,180.084,182.009,182.880,201.057,210.081
1962,9,182.535,184.994,186.403,208.753,215.290
1962,10,204.763,207.165,209.325,245.273,251.678
1962,11,210.864,213.207,215.494,259.578,269.829
1962,12,205.870,208.177,210.478,260.850,280.032
1963,1,192.606,194.805,197.004,248.522,273.275
1963,2,189.405,191.799,193.576,241.921,264.729
1963,3,180.450,182.802,184.377,229.380,249.655
1963,4,176.865,179.214,180.765,221.029,237.605
1963,5,213.540,215.464,216.231,236.491,241.362
1963,6,234.850,236.441,236.219,235.306,229.441
1963,7,197.772,199.811,199.519,195.339,187.298
1963,8,182.776,185.360,184.907,172.455,159.453
1963,9,191.682,195.352,194.214,165.328,147.152
1963,10,192.402,197.224,195.766,158.127,139.109
1963,11,214.720,219.892,218.751,184.777,166.511
1963,12,234.510,239.329,238.463,212.172,197.237
1964,1,241.558,246.351,246.102,233.082,224.607
1964,2,254.458,259.550,259.944,259.198,256.416
1964,3,260.676,265.565,266.482,274.040,274.708
1964,4,273.219,277.409,278.994,295.310,298.191
1964,5,271.888,275.148,276.521,293.688,295.840
1964,6,232.473,235.098,235.659,249.498,258.351
1964,7,191.300,193.393,193.509,200.467,207.163
1964,8,191.089,192.773,192.746,192.773,197.097
1964,9,294.744,297.289,293.937,251.666,246.216
1964,10,365.220,368.887,362.861,295.940,285.368
1964,11,347.341,350.674,345.778,301.474,302.179
1964,12,328.895,331.892,328.008,298.901,306.864
1965,1,324.917,327.744,324.410,297.887,307.198
1965,2,368.046,372.156,369.840,353.488,370.147
1965,3,389.197,394.773,393.275,388.539,410.236
1965,4,370.738,376.822,375.424,370.297,384.786
1965,5,409.056,417.745,416.962,406.877,414.276
1965,6,405.890,415.021,414.587,400.983,406.824
1965,7,334.040,340.440,340.178,327.626,329.102
1965,8,288.027,292.448,291.854,273.074,267.443
1965,9,256.482,260.947,260.011,252.347,250.500
1965,10,239.232,244.620,244.450,263.676,277.704
1965,11,231.247,235.848,236.418,271.029,295.448
1965,12,248.733,252.904,253.298,287.826,312.113
1966,1,269.564,274.325,274.280,305.206,328.148
1966,2,274.558,279.666,279.366,306.682,328.800
1966,3,266.493,271.436,270.985,292.494,310.303
1966,4,301.518,307.626,306.988,323.555,338.448
1966,5,336.597,344.172,342.875,349.554,359.598
1966,6,298.696,305.061,303.077,305.043,319.632
1966,7,237.244,242.848,241.064,242.730,257.639
1966,8,241.577,245.510,244.011,239.277,245.145
1966,9,313.625,315.324,314.282,294.292,292.788
1966,10,332.902,333.075,332.323,303.587,298.153
1966,11,288.490,288.469,287.741,261.355,254.831
1966,12,257.723,257.720,257.043,232.945,226.628
1967,1,233.618,233.680,233.082,211.832,206.140
1967,2,221.722,222.139,221.652,202.792,196.666
1967,3,212.790,213.482,213.133,196.369,189.326
1967,4,206.086,206.747,206.660,195.633,192.687
1967,5,222.851,223.349,224.645,234.411,237.934
1967,6,217.986,218.245,219.565,225.204,231.236
1967,7,210.756,210.508,211.560,201.325,191.864
1967,8,222.244,222.531,223.109,195.246,166.920
1967,9,296.654,296.517,294.071,235.760,201.948
1967,10,357.340,356.898,352.313,282.682,259.552
1967,11,375.314,375.747,371.636,313.198,296.338
1967,12,389.560,390.141,386.639,332.964,315.188
1968,1,427.465,429.172,427.341,396.478,393.239
1968,2,461.724,464.301,463.647,453.695,462.047
1968,3,452.079,454.175,453.982,457.625,471.872
1968,4,452.635,454.482,455.117,466.315,481.744
1968,5,459.855,461.619,463.150,476.644,493.608
1968,6,435.059,436.168,437.838,452.168,470.856
1968,7,378.345,378.674,379.575,393.665,415.594
1968,8,324.743,324.234,324.981,340.330,360.901
1968,9,316.683,316.655,318.062,338.828,350.903
1968,10,301.325,301.973,303.709,329.144,334.474
1968,11,309.563,309.886,311.202,328.008,329.594
1968,12,322.843,323.519,324.706,340.162,342.023
1969,1,301.184,303.045,303.681,316.858,319.377
1969,2,295.182,297.503,297.934,311.576,314.189
1969,3,290.731,292.553,293.123,313.680,320.928
1969,4,316.924,317.481,317.798,350.286,369.129
1969,5,343.170,343.518,343.101,378.676,401.450
1969,6,334.152,335.192,334.980,357.140,365.711
1969,7,300.748,301.683,301.733,312.291,311.511
1969,8,294.732,294.965,295.681,315.873,312.276
1969,9,309.311,308.278,309.616,332.830,321.275
1969,10,362.752,362.059,361.091,368.752,353.555
1969,11,408.746,409.000,405.460,402.812,388.312
1969,12,410.198,409.958,406.207,397.906,383.183
1970,1,398.967,399.111,395.786,387.611,375.870
1970,2,393.141,394.218,391.585,394.562,393.312
1970,3,392.460,393.655,392.234,415.067,431.931
1970,4,369.836,370.444,370.035,395.885,417.692
1970,5,380.778,381.138,381.731,408.159,429.242
1970,6,369.043,368.864,369.692,382.871,384.679
1970,7,284.411,284.017,284.508,294.201,299.063
1970,8,253.750,253.314,253.392,247.929,244.337
1970,9,270.010,270.298,268.507,259.485,259.533
1970,10,267.572,268.872,266.563,270.237,281.510
1970,11,234.302,235.404,233.455,240.293,253.350
1970,12,207.380,208.416,206.744,214.923,226.875
1971,1,184.375,185.329,183.898,192.608,203.537
1971,2,177.892,178.815,177.715,186.238,197.029
1971,3,161.463,162.346,161.590,170.986,181.805
1971,4,179.689,180.541,180.073,187.734,193.397
1971,5,191.578,192.415,192.846,212.456,225.372
1971,6,190.228,192.239,191.686,201.996,216.357
1971,7,243.989,245.407,244.510,220.975,218.618
1971,8,389.108,394.930,394.394,322.421,276.983
1971,9,470.467,479.992,480.142,398.476,321.510
1971,10,461.164,469.299,470.551,417.549,347.647
1971,11,435.495,442.941,444.272,408.249,351.322
1971,12,407.659,414.599,416.067,392.846,350.377
1972,1,387.577,394.111,395.712,384.420,356.244
1972,2,351.344,357.265,358.908,354.438,332.302
1972,3,314.414,319.964,321.481,318.002,296.626
1972,4,286.228,290.638,292.210,294.257,283.307
1972,5,326.943,330.185,332.481,336.600,326.714
1972,6,348.952,351.138,353.517,355.731,341.742
1972,7,302.013,303.544,304.867,302.991,292.324
1972,8,288.622,290.166,290.380,282.270,268.215
1972,9,306.094,306.939,305.875,276.561,247.498
1972,10,306.113,305.790,305.166,279.042,253.494
1972,11,293.650,294.071,294.435,288.802,277.416
1972,12,271.901,273.356,273.892,274.877,268.982
1973,1,288.485,290.583,291.598,291.736,286.868
1973,2,324.864,327.328,328.641,329.459,326.555
1973,3,331.023,333.065,334.240,337.543,337.358
1973,4,335.831,337.791,339.245,347.500,351.310
1973,5,314.403,316.194,318.265,337.569,343.904
1973,6,328.834,331.764,333.936,336.194,328.760
1973,7,376.108,380.710,382.783,369.992,349.545
1973,8,344.844,349.622,350.913,333.031,306.590
1973,9,315.863,320.410,321.150,313.003,293.347
1973,10,384.044,386.636,387.183,371.079,340.853
1973,11,401.987,402.706,403.328,378.462,341.761
1973,12,355.671,356.401,357.002,336.693,304.559
1974,1,334.951,336.197,336.790,320.783,294.627
1974,2,305.501,306.876,307.676,300.465,282.587
1974,3,293.533,294.175,295.024,283.715,263.267
1974,4,288.038,287.741,288.537,272.617,250.638
1974,5,312.526,312.233,313.381,304.275,287.056
1974,6,301.298,301.178,302.949,310.385,299.211
1974,7,246.651,246.295,247.753,255.770,246.547
1974,8,379.010,387.016,388.664,351.808,312.257
1974,9,527.062,535.119,534.923,454.024,387.139
1974,10,524.813,527.113,525.194,443.362,380.146
1974,11,496.279,498.337,497.037,443.740,398.645
1974,12,483.321,486.142,485.346,450.820,417.139
1975,1,462.708,465.788,465.132,435.216,405.738
1975,2,452.582,456.368,456.156,441.564,419.733
1975,3,425.779,430.058,430.543,433.293,422.311
1975,4,412.893,418.349,419.066,419.694,409.492
1975,5,438.544,444.388,445.906,458.836,456.005
1975,6,431.782,436.430,438.494,460.829,465.205
1975,7,386.156,389.486,391.245,404.746,406.552
1975,8,333.847,336.223,338.203,351.974,356.837
1975,9,306.663,308.155,310.415,326.020,329.297
1975,10,293.674,294.566,296.085,308.396,307.030
1975,11,290.381,290.099,290.836,287.793,277.452
1975,12,289.175,288.181,288.778,280.135,270.903
1976,1,267.217,266.538,267.062,263.237,258.915
1976,2,240.850,240.031,240.576,236.431,232.257
1976,3,234.695,233.931,234.709,232.853,230.490
1976,4,280.086,283.399,284.125,289.874,291.015
1976,5,318.575,326.441,326.131,334.911,337.767
1976,6,300.974,308.680,308.469,325.420,337.377
1976,7,371.038,377.679,376.172,372.599,363.670
1976,8,398.138,404.472,401.737,376.207,349.320
1976,9,386.646,392.064,388.620,351.164,325.301
1976,10,441.866,444.721,440.027,384.510,354.660
1976,11,452.185,453.627,448.716,393.156,366.272
1976,12,426.922,428.986,424.372,378.268,357.018
1977,1,416.369,419.261,414.948,375.801,358.704
1977,2,392.896,396.115,391.998,358.993,347.355
1977,3,380.378,382.360,379.210,350.019,337.554
1977,4,413.900,416.728,416.376,421.343,418.486
1977,5,413.062,417.415,418.031,441.527,443.821
1977,6,381.498,385.240,385.561,391.922,377.862
1977,7,316.419,318.371,319.466,324.042,304.345
1977,8,251.364,253.126,253.789,256.268,241.260
1977,9,200.103,202.055,201.998,201.300,193.334
1977,10,195.367,197.125,196.439,194.304,186.534
1977,11,228.902,231.940,230.850,228.237,217.329
1977,12,231.875,236.074,235.026,233.066,220.302
1978,1,224.586,228.566,227.615,223.935,209.914
1978,2,233.591,237.455,237.201,239.882,229.012
1978,3,226.937,230.524,231.040,245.172,241.519
1978,4,214.444,217.381,217.867,233.271,232.266
1978,5,222.133,223.817,223.994,236.608,234.102
1978,6,237.207,238.136,237.800,246.679,245.526
1978,7,218.421,218.823,217.811,219.203,217.923
1978,8,229.602,229.256,228.499,224.871,214.676
1978,9,268.484,269.418,269.424,266.093,244.604
1978,10,265.761,267.375,268.063,270.935,248.785
1978,11,270.386,272.300,272.909,284.990,273.577
1978,12,281.282,284.607,285.062,308.574,307.168
1979,1,281.535,286.092,286.844,318.468,321.738
1979,2,289.122,294.086,295.260,337.627,346.793
1979,3,309.355,314.275,315.655,367.521,380.724
1979,4,331.193,336.588,338.053,391.203,403.069
1979,5,308.578,313.675,315.641,379.339,401.442
1979,6,331.419,339.322,338.599,363.570,379.627
1979,7,357.237,367.420,365.166,353.661,351.719
1979,8,347.372,355.271,354.610,344.421,337.635
1979,9,300.177,305.434,305.406,296.883,291.100
1979,10,253.737,258.024,258.478,257.929,253.612
1979,11,234.655,239.237,239.299,234.942,228.051
1979,12,253.827,257.808,257.679,247.840,240.842
1980,1,271.253,273.994,274.124,263.875,258.129
1980,2,261.429,263.599,263.940,258.836,258.358
1980,3,246.137,247.991,248.699,255.636,262.756
1980,4,234.286,236.315,237.574,254.596,264.992
1980,5,277.652,279.655,281.090,305.262,316.394
1980,6,303.302,303.956,305.453,322.239,326.334
1980,7,239.006,238.514,239.467,244.194,242.907
1980,8,214.384,215.013,214.639,208.299,205.215
1980,9,295.296,294.559,291.886,238.442,227.916
1980,10,349.102,347.325,344.468,266.910,249.233
1980,11,350.375,349.684,347.174,281.791,264.903
1980,12,357.907,357.337,354.652,295.143,282.313
1981,1,345.410,344.727,342.182,287.913,276.812
1981,2,319.325,318.577,316.767,278.554,272.295
1981,3,305.839,304.831,303.959,290.479,297.882
1981,4,324.719,323.503,321.139,307.685,313.848
1981,5,345.865,345.323,341.472,321.701,322.796
1981,6,338.452,339.177,336.439,352.048,384.120
1981,7,293.639,294.522,292.500,319.521,362.383
1981,8,271.051,271.229,269.632,282.059,311.396
1981,9,270.648,270.802,269.678,279.652,300.427
1981,10,294.004,291.652,289.441,302.659,320.437
1981,11,305.655,301.464,298.602,313.235,328.185
1981,12,276.267,272.912,270.552,286.127,298.748
1982,1,262.875,260.050,257.918,270.818,280.560
1982,2,271.510,269.534,267.038,272.913,279.251
1982,3,265.492,264.034,261.689,268.191,274.262
1982,4,256.439,254.949,253.738,269.641,283.061
1982,5,291.647,289.879,289.693,307.373,322.254
1982,6,322.243,320.103,320.357,332.881,340.379
1982,7,291.486,289.917,289.619,294.873,298.419
1982,8,251.801,250.908,250.298,238.345,228.496
1982,9,214.253,213.539,212.906,195.126,187.450
1982,10,191.034,190.156,189.939,176.056,169.966
1982,11,210.273,209.875,209.828,203.169,200.374
1982,12,242.533,242.245,241.996,238.726,240.566
1983,1,260.788,259.069,258.924,249.006,251.466
1983,2,274.393,272.679,273.326,270.438,276.328
1983,3,290.432,289.730,291.984,316.335,330.315
1983,4,278.699,277.563,280.721,316.323,330.623
1983,5,268.286,268.099,271.604,319.068,348.222
1983,6,279.083,278.852,282.012,343.590,383.545
1983,7,252.437,252.415,254.696,316.246,357.188
1983,8,217.540,218.046,220.253,275.011,302.557
1983,9,192.436,193.804,195.245,237.252,246.479
1983,10,189.706,191.173,190.379,219.634,231.286
1983,11,199.744,201.333,198.981,225.819,245.268
1983,12,191.607,193.423,191.292,219.789,240.892
1984,1,192.003,193.123,190.996,222.259,247.296
1984,2,188.978,188.980,186.859,217.796,242.588
1984,3,175.276,174.711,173.123,204.285,229.703
1984,4,153.065,152.052,150.847,180.325,205.712
1984,5,148.139,147.994,147.684,170.827,190.062
1984,6,152.459,152.653,153.513,170.551,186.294
1984,7,157.987,158.749,159.240,170.744,181.079
1984,8,147.652,149.127,149.120,163.674,163.524
1984,9,139.331,140.303,140.753,161.143,151.537
1984,10,191.793,193.759,195.744,242.172,236.635
1984,11,245.163,248.571,251.531,321.168,323.933
1984,12,309.964,314.582,317.688,375.845,356.588
1985,1,362.943,369.086,372.177,412.900,375.161
1985,2,352.586,359.637,362.922,411.773,383.861
1985,3,340.371,346.727,350.290,414.631,402.368
1985,4,321.764,327.252,330.548,396.166,389.686
1985,5,317.188,323.198,325.564,367.843,359.481
1985,6,315.210,319.856,319.937,329.049,324.507
1985,7,300.401,303.621,302.168,283.692,276.812
1985,8,261.257,264.484,262.996,230.543,226.559
1985,9,255.987,260.400,258.382,225.807,233.285
1985,10,282.347,290.535,289.273,275.443,297.204
1985,11,284.035,293.817,293.886,302.022,332.481
1985,12,262.656,271.911,272.187,287.798,329.648
1986,1,245.144,254.273,254.249,270.089,315.235
1986,2,244.235,252.822,252.702,267.596,310.474
1986,3,233.785,241.016,240.881,251.269,288.220
1986,4,206.116,212.168,212.032,221.643,252.268
1986,5,230.216,235.116,234.482,245.926,280.842
1986,6,282.144,284.853,285.636,316.243,341.482
1986,7,265.620,266.001,268.073,304.858,310.629
1986,8,238.799,238.639,239.563,265.530,259.840
1986,9,248.322,248.079,249.804,289.407,273.166
1986,10,321.573,322.917,324.949,369.579,351.767
1986,11,378.877,381.512,382.500,414.148,398.854
1986,12,402.568,405.653,406.837,439.604,433.503
1987,1,407.414,410.559,411.932,448.651,452.070
1987,2,401.588,404.506,405.798,439.536,445.236
1987,3,399.408,401.964,403.285,430.875,435.563
1987,4,381.099,383.180,383.579,398.442,396.817
1987,5,395.711,396.966,397.367,406.561,387.384
1987,6,439.847,443.402,445.916,459.750,426.983
1987,7,414.624,421.357,423.368,435.007,404.422
1987,8,371.200,378.841,378.393,367.523,338.638
1987,9,373.190,379.285,379.452,355.425,321.029
1987,10,349.046,352.981,354.484,334.799,295.713
1987,11,325.727,328.899,330.408,324.756,294.131
1987,12,320.697,323.756,325.530,336.314,315.244
1988,1,299.933,303.206,305.098,319.988,304.501
1988,2,276.713,279.628,281.691,297.546,284.980
1988,3,254.936,257.941,260.167,280.645,275.609
1988,4,235.838,238.486,240.802,264.376,261.852
1988,5,247.582,250.598,252.668,273.312,263.406
1988,6,267.782,272.491,274.430,293.994,278.774
1988,7,292.707,298.315,298.500,305.609,286.648
1988,8,279.719,283.852,281.256,275.429,256.602
1988,9,259.291,261.360,258.383,249.642,226.453
1988,10,246.143,247.338,245.083,236.386,209.773
1988,11,215.375,216.318,214.954,217.304,197.185
1988,12,203.915,204.490,203.731,215.769,203.456
1989,1,215.169,216.578,216.594,246.082,245.125
1989,2,260.172,261.405,261.814,292.310,292.584
1989,3,288.053,287.770,288.215,311.659,313.119
1989,4,265.830,265.706,266.339,288.502,295.641
1989,5,260.681,261.247,263.110,291.541,305.299
1989,6,251.981,253.033,256.946,311.567,334.879
1989,7,214.104,215.538,220.271,286.838,310.232
1989,8,183.380,184.224,188.643,244.530,258.792
1989,9,170.448,169.445,173.632,223.944,227.386
1989,10,182.907,182.346,185.071,233.172,226.781
1989,11,196.720,197.575,198.928,241.545,227.992
1989,12,192.428,192.809,194.066,230.240,214.938
1990,1,186.246,186.357,187.389,218.817,204.734
1990,2,220.791,221.887,223.242,248.834,230.434
1990,3,270.661,272.353,274.168,295.207,266.509
1990,4,306.485,307.809,308.926,316.266,288.427
1990,5,333.320,336.243,335.888,323.205,301.117
1990,6,285.894,288.591,288.113,274.282,266.357
1990,7,289.180,291.043,289.459,276.960,259.066
1990,8,303.496,304.850,302.511,280.477,249.031
1990,9,309.916,309.736,306.857,273.162,238.356
1990,10,329.104,327.644,324.530,297.754,270.205
1990,11,331.473,330.263,328.160,317.300,300.627
1990,12,310.997,310.113,308.787,305.380,293.831
1991,1,310.488,309.343,308.711,313.456,311.360
1991,2,308.990,308.303,307.879,316.657,325.050
1991,3,281.403,281.304,280.988,288.388,297.970
1991,4,268.899,268.693,269.078,278.469,285.069
1991,5,269.426,269.393,271.227,292.547,305.366
1991,6,281.526,279.797,283.230,321.386,360.198
1991,7,288.065,286.624,290.207,322.219,355.280
1991,8,270.005,270.329,272.996,293.723,312.172
1991,9,297.161,300.048,300.577,297.384,302.464
1991,10,330.548,336.535,335.976,314.032,308.823
1991,11,314.309,321.019,320.826,305.613,307.457
1991,12,365.448,373.555,375.204,390.198,417.266
1992,1,423.843,433.216,436.436,476.872,524.270
1992,2,453.440,461.316,464.867,512.274,556.165
1992,3,472.437,480.563,484.276,530.450,564.015
1992,4,449.057,457.470,461.002,494.356,515.660
1992,5,426.183,432.365,435.591,471.350,496.027
1992,6,415.319,418.745,421.148,468.061,503.722
1992,7,369.553,371.420,373.340,414.931,444.031
1992,8,318.903,322.180,322.707,341.876,357.787
1992,9,273.379,276.876,276.200,292.437,311.233
1992,10,229.721,231.344,231.146,252.573,280.077
1992,11,238.240,241.569,242.219,277.367,305.713
1992,12,267.310,273.100,274.908,324.792,350.828
1993,1,274.592,280.806,283.120,335.759,360.379
1993,2,276.489,282.416,285.308,342.567,366.486
1993,3,278.651,283.730,287.004,348.596,375.914
1993,4,292.324,295.790,299.102,358.930,391.964
1993,5,296.012,298.459,301.406,357.487,392.387
1993,6,281.232,281.731,284.962,345.464,377.392
1993,7,229.531,227.679,229.678,281.607,304.990
1993,8,201.057,198.026,198.398,217.964,232.273
1993,9,205.409,202.742,202.573,210.951,226.743
1993,10,208.470,206.628,207.952,235.787,258.394
1993,11,196.226,193.996,196.267,242.501,270.438
1993,12,192.001,189.822,192.156,239.952,268.759
1994,1,204.094,202.327,204.675,247.793,273.893
1994,2,213.634,212.388,214.965,256.611,282.706
1994,3,212.542,213.690,215.910,256.357,281.988
1994,4,211.732,215.163,216.803,251.237,273.995
1994,5,245.062,248.925,250.060,279.547,301.921
1994,6,269.311,274.242,274.703,292.566,300.387
1994,7,236.222,241.469,241.399,252.876,248.093
1994,8,207.498,211.830,210.470,223.351,226.284
1994,9,214.382,218.654,215.312,224.922,228.084
1994,10,238.596,242.482,239.044,258.854,260.657
1994,11,260.335,263.409,261.539,296.306,299.552
1994,12,293.298,295.778,294.875,335.705,329.449
1995,1,299.072,301.335,301.020,345.933,335.086
1995,2,286.429,287.748,287.824,333.141,321.151
1995,3,284.068,285.407,286.135,340.776,327.300
1995,4,275.435,277.120,278.705,346.942,338.625
1995,5,300.372,301.767,304.515,374.966,366.151
1995,6,325.796,326.851,331.385,398.072,385.319
1995,7,308.159,308.256,313.326,363.296,338.571
1995,8,279.730,277.704,282.761,319.330,288.318
1995,9,283.256,283.512,287.942,306.686,271.473
1995,10,282.927,284.251,286.878,287.503,247.362
1995,11,273.351,273.783,275.053,273.873,238.982
1995,12,260.543,260.805,261.353,267.614,240.377
1996,1,236.389,236.267,236.784,245.263,223.663
1996,2,216.066,215.508,216.041,224.177,206.754
1996,3,203.770,203.613,204.462,215.998,204.465
1996,4,211.313,210.940,213.399,239.628,245.038
1996,5,226.554,226.930,230.204,255.644,273.861
1996,6,218.792,220.624,223.829,243.187,262.873
1996,7,211.092,213.305,217.617,237.779,253.192
1996,8,233.877,235.510,239.930,253.947,264.770
1996,9,274.523,277.614,280.680,281.358,284.231
1996,10,312.235,321.626,322.827,319.456,305.224
1996,11,341.008,354.020,354.337,363.095,341.113
1996,12,341.860,354.864,355.104,378.516,365.669
1997,1,326.487,339.094,339.369,371.080,366.525
1997,2,341.596,353.803,355.597,417.517,413.548
1997,3,382.084,393.538,396.625,476.868,463.451
1997,4,411.379,421.467,424.784,504.669,488.371
1997,5,405.461,414.112,416.940,489.507,482.100
1997,6,435.841,445.975,448.932,492.021,467.891
1997,7,402.798,412.805,416.508,446.393,412.036
1997,8,320.357,327.273,330.121,353.855,324.477
1997,9,273.466,279.637,281.399,290.584,261.531
1997,10,262.700,269.850,270.863,270.384,236.733
1997,11,266.551,273.671,275.496,287.290,254.072
1997,12,275.136,280.972,284.226,317.705,291.663
1998,1,278.311,284.231,287.696,333.926,320.968
1998,2,287.303,293.361,297.553,363.039,363.955
1998,3,312.718,318.465,323.879,401.720,409.174
1998,4,301.277,306.294,311.960,381.696,391.157
1998,5,256.396,261.142,265.677,320.230,326.898
1998,6,229.304,233.472,236.876,277.289,275.852
1998,7,199.727,202.623,205.736,240.167,246.541
1998,8,246.142,251.015,248.585,243.072,241.006
1998,9,300.522,308.240,302.530,265.713,248.912
1998,10,303.890,312.866,308.837,292.014,294.980
1998,11,319.693,329.470,326.639,335.696,351.206
1998,12,323.070,332.256,330.723,357.213,371.298
1999,1,305.222,312.293,311.057,336.704,350.345
1999,2,273.302,279.201,278.148,300.653,312.934
1999,3,277.254,282.906,282.022,316.546,342.321
1999,4,285.405,291.382,289.889,323.301,359.348
1999,5,280.052,287.267,284.794,314.503,361.207
1999,6,278.612,288.148,284.519,298.152,346.000
1999,7,254.195,264.025,260.125,263.817,303.933
1999,8,198.185,204.802,201.174,207.937,239.903
1999,9,158.565,163.403,160.572,163.315,185.519
1999,10,156.275,161.354,158.631,156.781,177.864
1999,11,150.000,155.102,152.494,148.981,169.441
1999,12,142.384,147.413,145.577,149.597,173.127
2000,1,133.967,138.819,137.832,156.050,185.771
2000,2,132.278,137.315,136.883,168.907,207.907
2000,3,129.106,134.083,134.296,182.036,229.988
2000,4,130.937,135.144,135.340,186.761,237.339
2000,5,150.513,155.778,155.265,212.498,259.674
2000,6,195.506,200.879,199.484,244.545,278.289
2000,7,194.687,197.951,196.194,216.621,240.742
2000,8,149.961,152.615,151.164,163.341,181.203
2000,9,151.446,154.206,153.540,168.121,176.021
2000,10,234.480,242.042,238.968,218.020,208.716
2000,11,366.580,377.856,373.596,331.974,310.488
2000,12,421.738,431.778,429.220,403.918,381.141
2001,1,415.848,425.202,422.904,405.981,391.858
2001,2,405.742,414.240,412.438,407.510,400.286
2001,3,400.944,408.328,407.817,419.682,421.352
2001,4,379.777,386.516,386.444,403.728,412.826
2001,5,353.021,358.129,357.819,372.740,381.677
2001,6,309.877,312.410,312.197,327.770,340.359
2001,7,246.223,247.112,247.412,262.837,276.067
2001,8,227.607,228.666,229.412,239.646,252.836
2001,9,244.571,246.117,247.283,253.824,266.282
2001,10,249.992,251.887,253.191,261.355,274.140
2001,11,278.775,284.044,284.091,288.452,301.934
2001,12,304.858,313.402,312.491,317.289,330.043
2002,1,292.032,300.847,300.471,314.551,324.018
2002,2,278.224,286.673,286.896,305.339,312.896
2002,3,275.683,282.880,283.791,299.928,303.338
2002,4,267.382,273.628,274.537,280.463,274.021
2002,5,238.755,244.231,245.104,251.735,242.560
2002,6,211.848,216.955,218.256,230.207,224.824
2002,7,227.354,232.553,234.005,285.197,301.633
2002,8,220.613,225.300,226.517,302.459,332.653
2002,9,203.307,206.921,207.176,269.424,297.530
2002,10,269.545,272.518,270.460,302.258,315.731
2002,11,321.378,324.585,321.309,327.250,325.452
2002,12,324.099,328.713,326.138,331.918,332.798
2003,1,313.678,319.115,317.399,328.277,335.752
2003,2,310.203,314.496,313.091,327.500,338.712
2003,3,312.658,315.787,314.754,327.277,338.082
2003,4,275.252,277.474,276.666,283.574,291.063
2003,5,253.089,253.874,253.757,261.401,261.980
2003,6,263.667,264.157,264.878,284.128,290.176
2003,7,266.381,267.700,267.639,290.140,300.247
2003,8,249.045,250.814,249.444,264.948,267.670
2003,9,268.278,271.465,270.786,291.236,284.956
2003,10,301.128,305.224,304.678,330.016,318.634
2003,11,298.601,303.254,301.889,323.387,317.206
2003,12,270.243,275.148,273.937,292.966,291.006
2004,1,264.450,269.150,268.314,291.501,293.492
2004,2,267.140,271.427,270.703,297.344,308.775
2004,3,282.082,286.216,284.741,303.890,318.950
2004,4,319.158,324.391,322.227,342.957,361.171
2004,5,321.152,325.919,324.639,352.032,363.300
2004,6,325.699,331.993,331.512,386.606,398.466
2004,7,313.863,320.730,320.597,383.561,399.873
2004,8,303.885,308.163,308.509,339.504,341.749
2004,9,302.456,305.822,304.716,319.107,308.653
2004,10,295.472,297.428,294.203,310.243,310.747
2004,11,350.778,351.180,346.462,351.106,379.778
2004,12,384.400,384.757,379.835,375.005,416.047
2005,1,367.819,368.715,364.819,366.249,402.606
2005,2,366.842,368.297,365.248,372.184,404.587
2005,3,372.738,375.517,373.185,384.633,416.396
2005,4,340.603,344.207,342.235,357.308,391.463
2005,5,339.432,341.220,339.673,351.618,383.596
2005,6,333.152,333.134,332.461,337.262,365.770
2005,7,305.514,306.218,306.357,304.163,326.117
2005,8,299.346,299.891,300.432,289.948,299.518
2005,9,260.656,260.730,261.086,244.442,247.404
2005,10,248.508,247.967,246.578,218.457,213.795
2005,11,238.823,238.070,235.346,201.541,197.075
2005,12,216.330,215.387,212.979,182.382,178.933
2006,1,208.958,207.773,205.814,178.496,178.522
2006,2,201.540,200.296,199.009,178.293,182.762
2006,3,199.661,198.599,198.132,186.424,194.238
2006,4,210.641,210.245,210.940,211.564,225.091
2006,5,213.559,214.541,216.804,243.800,263.052
2006,6,209.594,211.373,214.574,248.932,266.487
2006,7,191.822,193.348,196.151,217.506,229.610
2006,8,162.274,162.458,163.858,179.889,190.520
2006,9,167.192,168.075,168.933,183.942,190.857
2006,10,197.491,199.142,200.472,224.845,235.646
2006,11,195.621,196.320,197.924,226.914,242.290
2006,12,186.353,187.249,188.760,216.419,231.905
2007,1,198.765,200.212,201.857,237.258,259.157
2007,2,203.173,203.821,205.879,245.198,270.019
2007,3,240.545,239.548,241.475,292.098,334.811
2007,4,284.641,282.607,284.104,334.202,384.505
2007,5,327.105,325.193,325.731,376.062,423.162
2007,6,381.216,377.507,378.762,458.283,505.828
2007,7,401.057,395.799,398.290,482.046,510.366
2007,8,389.043,385.311,388.402,455.913,450.632
2007,9,359.153,356.874,359.084,419.204,401.930
2007,10,317.734,316.853,317.912,371.463,361.729
2007,11,296.497,296.272,297.218,339.350,329.332
2007,12,279.830,279.961,281.006,315.187,303.687
2008,1,254.602,254.612,255.560,287.053,277.696
2008,2,229.747,229.617,230.475,258.505,250.383
2008,3,233.830,232.062,232.910,254.756,254.880
2008,4,241.022,237.176,238.754,272.079,282.416
2008,5,233.810,229.452,232.264,278.066,296.218
2008,6,220.154,217.048,219.295,243.864,259.886
2008,7,198.679,197.022,197.987,204.649,212.646
2008,8,212.284,210.421,210.644,206.679,205.232
2008,9,217.074,214.829,214.450,200.670,191.330
2008,10,205.884,202.330,202.196,194.096,185.947
2008,11,194.045,189.388,189.856,189.398,184.265
2008,12,174.238,170.167,170.640,171.651,168.051
2009,1,158.965,155.656,156.092,158.810,158.250
2009,2,146.882,143.559,144.135,146.038,147.961
2009,3,174.099,170.816,170.913,174.748,186.872
2009,4,236.670,233.236,233.048,242.194,259.011
2009,5,262.198,259.948,260.191,264.680,282.528
2009,6,225.739,224.097,224.613,237.439,257.630
2009,7,234.681,231.686,231.872,226.025,222.942
2009,8,245.663,243.433,242.711,207.188,189.431
2009,9,271.726,273.710,274.134,240.341,233.377
2009,10,327.681,333.080,335.899,322.729,344.674
2009,11,329.649,336.468,340.067,356.838,401.585
2009,12,320.643,327.087,330.131,352.019,397.922
2010,1,343.221,350.340,353.211,374.567,418.438
2010,2,370.399,377.899,381.008,404.690,446.426
2010,3,380.380,387.414,390.658,415.643,456.286
2010,4,384.843,391.663,394.819,427.666,446.105
2010,5,376.306,380.057,382.821,420.486,399.790
2010,6,342.250,342.008,343.990,372.805,339.604
2010,7,323.018,321.588,323.565,354.484,327.139
2010,8,295.645,292.786,293.182,306.407,282.002
2010,9,270.640,269.337,269.386,291.650,278.239
2010,10,240.731,241.477,242.166,275.979,268.507
2010,11,207.620,208.189,208.786,239.036,236.814
2010,12,193.297,193.960,194.929,225.335,224.182
2011,1,191.331,191.390,192.394,224.833,228.523
2011,2,188.173,187.754,188.614,219.912,227.591
2011,3,165.017,164.646,165.481,193.337,200.366
2011,4,148.387,147.505,148.231,170.375,178.012
2011,5,136.671,136.089,137.460,164.852,177.794
2011,6,116.680,116.265,118.145,148.783,167.203
2011,7,98.048,97.782,98.926,116.569,127.555
2011,8,79.327,78.821,78.842,91.358,96.891
2011,9,78.065,78.137,77.164,80.427,82.685
2011,10,111.906,112.477,111.074,103.954,116.453
2011,11,142.673,144.112,142.707,133.832,154.589
2011,12,165.428,167.319,166.362,166.986,185.316
2012,1,198.739,199.863,199.732,205.759,222.269
2012,2,232.624,233.435,234.264,241.503,258.724
2012,3,266.411,267.818,270.265,289.129,309.412
2012,4,263.543,266.647,268.554,270.189,283.428
2012,5,264.152,267.757,269.396,283.804,295.340
2012,6,252.210,256.027,259.340,292.819,309.248
2012,7,227.472,230.612,233.616,267.772,283.965
2012,8,206.735,209.013,211.997,239.391,245.988
2012,9,212.062,213.750,216.848,252.070,250.680
2012,10,214.356,216.416,220.208,270.951,267.311
2012,11,190.727,192.758,196.004,242.319,238.860
2012,12,169.011,170.725,173.476,215.011,212.956
2013,1,176.859,178.792,181.537,228.039,227.926
2013,2,177.741,179.339,182.226,237.140,243.786
2013,3,165.879,167.104,170.101,227.676,238.275
2013,4,168.946,170.220,173.338,227.120,235.718
2013,5,198.711,199.314,202.158,240.590,247.989
2013,6,220.890,221.425,222.817,230.930,233.446
2013,7,225.412,225.015,225.247,219.520,232.089
2013,8,220.600,218.872,219.333,215.275,235.728
2013,9,253.124,250.802,249.983,234.119,243.768
2013,10,302.625,298.923,296.836,276.913,277.990
2013,11,318.673,314.906,312.678,295.975,297.188
2013,12,317.890,314.989,312.680,293.747,299.296
2014,1,294.023,291.459,289.415,272.143,279.383
2014,2,263.697,261.195,259.320,245.089,252.164
2014,3,234.765,232.803,231.096,220.540,229.946
2014,4,212.880,211.424,210.274,202.602,209.775
2014,5,240.353,239.054,239.497,246.594,251.354
2014,6,272.912,272.470,273.679,282.984,286.821
2014,7,253.458,254.877,255.362,252.676,258.078
2014,8,244.106,244.917,244.543,223.382,219.491
2014,9,252.573,252.253,250.577,218.544,215.816
2014,10,239.383,239.300,237.822,224.059,227.510
2014,11,244.616,243.292,242.242,244.770,256.589
2014,12,250.757,248.198,246.944,252.160,271.663
2015,1,250.066,248.129,247.019,254.513,275.419
2015,2,239.252,237.923,237.078,249.050,273.517
2015,3,249.431,247.118,245.797,252.882,276.044
2015,4,257.881,255.919,254.315,265.595,288.175
2015,5,323.974,325.757,324.416,348.054,378.667
2015,6,375.216,380.069,378.522,393.379,417.307
2015,7,319.050,322.646,321.066,314.157,320.310
2015,8,262.486,266.117,264.834,251.864,248.358
2015,9,208.639,210.899,209.433,202.584,198.628
2015,10,234.043,236.001,233.676,229.269,243.092
2015,11,294.944,297.301,294.324,292.321,323.197
2015,12,316.455,319.224,316.591,316.134,346.443
2016,1,300.066,302.743,300.566,300.451,326.738
2016,2,281.006,283.173,281.187,284.309,312.078
2016,3,301.157,302.435,300.884,303.730,330.197
