ID,bgnDt,endDt,Duration,Volume,Peak,AvQ,POT
3,11/3/1944,12/25/1944,53,24605.7,3760,464.2584906,8.098936425
5,12/27/1944,1/16/1945,21,5136,532,244.5714286,2.175233645
7,1/18/1945,2/2/1945,16,19443,4200,1215.1875,3.456256751
9,2/4/1945,3/12/1945,37,6971,940,188.4054054,4.989241142
11,3/14/1945,3/28/1945,15,608,88,40.53333333,2.171052632
13,3/30/1945,4/18/1945,20,23016,4520,1150.8,3.927702468
15,4/20/1945,5/8/1945,19,9430,1850,496.3157895,3.727465536
17,5/11/1945,6/1/1945,22,2621.8,602,119.1727273,5.051491342
19,6/4/1945,6/21/1945,18,347.2,70,19.28888889,3.629032258
21,6/23/1945,8/7/1945,46,430.2,85,9.352173913,9.088795909
23,8/9/1945,8/11/1945,3,4.9,1.8,1.633333333,1.102040816
25,8/15/1945,9/20/1945,37,33255,9840,898.7837838,10.9481281
27,9/23/1945,11/14/1945,53,3561.1,424,67.19056604,6.310409705
29,11/19/1945,12/21/1945,33,7649.9,940,231.8151515,4.054954967
31,12/23/1945,1/2/1946,11,9564,1540,869.4545455,1.771225429
33,1/4/1946,2/4/1946,32,23257,1580,726.78125,2.173969128
35,2/6/1946,3/4/1946,27,20529,1700,760.3333333,2.235861464
37,3/6/1946,3/23/1946,18,3650,764,202.7777778,3.767671233
39,3/25/1946,4/14/1946,21,1489.1,264,70.90952381,3.723054194
41,4/16/1946,5/10/1946,25,714.6,70,28.584,2.448922474
43,5/12/1946,6/30/1946,50,44537,4880,890.74,5.478590835
45,7/2/1946,7/13/1946,12,6656,1230,554.6666667,2.217548077
47,7/15/1946,8/14/1946,31,1957.6,844,63.1483871,13.36534532
49,8/16/1946,8/18/1946,3,12.9,4.4,4.3,1.023255814
51,8/20/1946,10/23/1946,65,5684.9,830,87.46,9.490052595
53,10/25/1946,10/31/1946,7,561,194,80.14285714,2.420677362
55,11/2/1946,12/9/1946,38,55422,5170,1458.473684,3.544801703
57,12/11/1946,12/29/1946,19,2009,219,105.7368421,2.071179691
59,12/31/1946,3/4/1947,64,27798,1620,434.34375,3.729764731
61,3/6/1947,5/15/1947,71,4045.9,887,56.98450704,15.56563435
63,5/18/1947,7/8/1947,52,15694,1580,301.8076923,5.235121703
65,7/10/1947,8/8/1947,30,392.3,101,13.07666667,7.723680856
67,8/15/1947,10/3/1947,50,1345,264,26.9,9.814126394
69,10/5/1947,10/13/1947,9,31.3,5.9,3.477777778,1.696485623
71,10/17/1947,10/27/1947,11,32.7,6.6,2.972727273,2.220183486
73,10/29/1947,11/6/1947,9,24.7,5.3,2.744444444,1.931174089
75,11/11/1947,1/10/1948,61,4047.1,411,66.34590164,6.194806157
77,1/12/1948,2/19/1948,39,1561.1,113,40.02820513,2.823009416
79,2/22/1948,4/7/1948,46,1842.9,199,40.06304348,4.967171306
81,4/9/1948,4/21/1948,13,674.3,235,51.86923077,4.530624351
83,4/23/1948,5/4/1948,12,610.3,171,50.85833333,3.362280845
85,5/6/1948,5/23/1948,18,283.5,62,15.75,3.936507937
87,5/25/1948,6/26/1948,33,378.4,90,11.46666667,7.848837209
89,6/28/1948,8/2/1948,36,95.8,12,2.661111111,4.509394572
91,8/12/1948,8/18/1948,7,2.4,0.6,0.342857143,1.75
93,9/5/1948,11/1/1948,58,112.2,5.7,1.934482759,2.946524064
95,11/16/1948,12/24/1948,39,133.4,18,3.420512821,5.262368816
97,12/29/1948,12/30/1948,2,0.6,0.3,0.3,1
99,1/2/1949,1/6/1949,5,1.5,0.3,0.3,1
101,1/16/1949,2/4/1949,20,1070.1,264,53.505,4.934118307
103,2/6/1949,3/7/1949,30,9804.4,1460,326.8133333,4.467381992
105,3/9/1949,3/19/1949,11,1147,175,104.2727273,1.678291194
107,3/21/1949,4/18/1949,29,8487.3,924,292.6655172,3.157187798
109,4/20/1949,5/24/1949,35,10217.6,1100,291.9314286,3.768008143
111,5/26/1949,6/12/1949,18,748.4,217,41.57777778,5.219134153
113,6/14/1949,6/30/1949,17,61.9,26,3.641176471,7.140549273
115,7/3/1949,7/12/1949,10,20.7,3.8,2.07,1.835748792
117,7/14/1949,8/27/1949,45,2686.3,386,59.69555556,6.466143022
119,8/30/1949,9/30/1949,32,679.2,68,21.225,3.20376914
121,10/2/1949,10/23/1949,22,35763,15600,1625.590909,9.59651036
123,10/25/1949,11/30/1949,37,1590.1,266,42.97567568,6.189547827
125,12/2/1949,12/30/1949,29,11248.5,978,387.8793103,2.521402854
127,1/1/1950,2/7/1950,38,6289.6,433,165.5157895,2.616064615
129,2/9/1950,4/12/1950,63,15754.2,2030,250.0666667,8.117835244
131,4/14/1950,5/10/1950,27,3663.4,422,135.6814815,3.110225474
133,5/12/1950,6/27/1950,47,31229,4740,664.4468085,7.133753883
135,6/29/1950,7/11/1950,13,3328,758,256,2.9609375
137,7/13/1950,8/24/1950,43,2478,356,57.62790698,6.17756255
139,8/26/1950,11/13/1950,80,1173,135,14.6625,9.207161125
141,12/17/1950,1/19/1951,34,19.3,1.6,0.567647059,2.81865285
143,2/6/1951,3/5/1951,28,39.2,10,1.4,7.142857143
145,3/7/1951,3/9/1951,3,3.7,2,1.233333333,1.621621622
147,3/17/1951,4/22/1951,37,1239.9,213,33.51081081,6.356157755
149,4/24/1951,7/3/1951,71,693.5,61,9.767605634,6.245133381
151,7/10/1951,7/11/1951,2,2.7,1.4,1.35,1.037037037
153,7/14/1951,7/20/1951,7,89.4,24,12.77142857,1.879194631
155,7/23/1951,8/6/1951,15,32.2,6,2.146666667,2.795031056
157,8/10/1951,8/11/1951,2,2.1,1.1,1.05,1.047619048
159,8/13/1951,8/16/1951,4,4.3,1.3,1.075,1.209302326
161,8/19/1951,8/30/1951,12,24.5,3.2,2.041666667,1.567346939
163,9/1/1951,9/2/1951,2,2,1.1,1,1.1
165,9/5/1951,10/21/1951,47,3190.7,427,67.88723404,6.289842354
167,10/23/1951,11/17/1951,26,228.8,36,8.8,4.090909091
169,11/20/1951,11/29/1951,10,16,2.1,1.6,1.3125
171,12/1/1951,1/23/1952,54,661.6,105,12.25185185,8.570133011
173,1/25/1952,2/16/1952,23,2456.6,898,106.8086957,8.407555158
175,2/19/1952,3/16/1952,27,657.8,139,24.36296296,5.705381575
177,3/18/1952,3/28/1952,11,354.3,196,32.20909091,6.085238498
179,3/30/1952,4/20/1952,22,12378.9,3310,562.6772727,5.882590537
181,4/22/1952,5/15/1952,24,6244.9,1920,260.2041667,7.378821118
183,5/18/1952,6/4/1952,18,6759,1400,375.5,3.728362184
185,6/6/1952,7/1/1952,26,971.1,252,37.35,6.746987952
187,7/5/1952,7/27/1952,23,126,24,5.47826087,4.380952381
189,7/30/1952,8/15/1952,17,195.5,133,11.5,11.56521739
191,8/18/1952,10/22/1952,66,457.4,56,6.93030303,8.080454744
193,10/27/1952,10/30/1952,4,5.5,1.7,1.375,1.236363636
195,11/2/1952,12/16/1952,45,2660.6,625,59.12444444,10.57092385
197,12/18/1952,12/28/1952,11,655.4,290,59.58181818,4.867256637
199,12/30/1952,1/18/1953,20,1179.9,326,58.995,5.525892025
201,1/20/1953,2/17/1953,29,1192.4,392,41.11724138,9.533713519
203,2/19/1953,4/19/1953,60,1733.9,474,28.89833333,16.40233001
205,4/22/1953,5/11/1953,20,15507.5,3560,775.375,4.591326777
207,5/13/1953,6/26/1953,45,29207.5,4400,649.0555556,6.779080716
209,6/29/1953,8/17/1953,50,507.4,30,10.148,2.956247536
211,8/19/1953,10/7/1953,50,2676.1,355,53.522,6.632786518
213,10/10/1953,10/15/1953,6,3.7,1.3,0.616666667,2.108108108
215,10/17/1953,11/29/1953,44,3000.2,592,68.18636364,8.682087861
217,12/2/1953,1/7/1954,37,4753,694,128.4594595,5.402482643
219,1/10/1954,3/13/1954,63,2760.7,388,43.82063492,8.854276089
221,3/18/1954,3/20/1954,3,1.5,0.7,0.5,1.4
223,3/23/1954,3/31/1954,9,3.6,0.7,0.4,1.75
225,4/4/1954,4/23/1954,20,77.3,26,3.865,6.727037516
227,4/28/1954,5/20/1954,23,44,8.6,1.913043478,4.495454545
229,5/25/1954,6/7/1954,14,151.7,134,10.83571429,12.36651285
231,6/19/1954,7/9/1954,21,64.6,38,3.076190476,12.35294118
233,7/17/1954,7/23/1954,7,1.2,0.3,0.171428571,1.75
235,7/28/1954,8/11/1954,15,11794.8,7760,786.32,9.868755723
237,8/13/1954,9/23/1954,42,138.5,16,3.297619048,4.85198556
239,9/28/1954,10/14/1954,17,33.1,17,1.947058824,8.731117825
241,10/22/1954,11/10/1954,20,1839.1,805,91.955,8.754281986
243,11/12/1954,12/5/1954,24,273.8,84,11.40833333,7.363038714
245,12/12/1954,12/14/1954,3,0.5,0.2,0.166666667,1.2
247,12/26/1954,1/13/1955,19,1408.5,421,74.13157895,5.679091232
249,1/15/1955,2/2/1955,19,1316.2,421,69.27368421,6.077343869
251,2/4/1955,3/24/1955,49,7941.2,2520,162.0653061,15.54928726
253,4/1/1955,4/25/1955,25,153.7,35,6.148,5.692908263
255,4/29/1955,4/30/1955,2,0.2,0.1,0.1,1
257,5/12/1955,5/12/1955,1,0.1,0.1,0.1,1
259,5/14/1955,6/4/1955,22,147.3,44,6.695454545,6.571622539
261,6/6/1955,6/18/1955,13,72.5,24,5.576923077,4.303448276
263,6/20/1955,7/8/1955,19,181.2,43,9.536842105,4.508830022
265,7/10/1955,8/3/1955,25,349,85,13.96,6.088825215
267,8/5/1955,9/9/1955,36,947.8,125,26.32777778,4.747837096
269,9/15/1955,10/5/1955,21,383.3,95,18.25238095,5.204800417
271,10/7/1955,10/30/1955,24,64.9,25,2.704166667,9.244992296
273,11/1/1955,11/3/1955,3,0.3,0.1,0.1,1
275,11/6/1955,11/6/1955,1,0.1,0.1,0.1,1
277,11/9/1955,11/10/1955,2,0.2,0.1,0.1,1
279,11/25/1955,11/25/1955,1,0.1,0.1,0.1,1
281,12/1/1955,12/13/1955,13,40.6,9,3.123076923,2.881773399
283,1/15/1956,1/30/1956,16,843.3,340,52.70625,6.45084786
285,2/1/1956,2/29/1956,29,1183,340,40.79310345,8.334742181
287,3/3/1956,3/11/1956,9,5.6,2.1,0.622222222,3.375
289,3/13/1956,3/16/1956,4,0.4,0.1,0.1,1
291,3/22/1956,3/24/1956,3,0.4,0.2,0.133333333,1.5
293,4/4/1956,4/17/1956,14,202.3,114,14.45,7.889273356
295,4/23/1956,4/25/1956,3,0.4,0.2,0.133333333,1.5
297,5/2/1956,5/8/1956,7,8,2.8,1.142857143,2.45
299,5/30/1956,6/5/1956,7,55.6,32,7.942857143,4.028776978
301,6/13/1956,6/23/1956,11,153.4,60,13.94545455,4.302477184
303,7/10/1956,7/17/1956,8,137,98,17.125,5.722627737
305,8/27/1956,9/18/1956,23,33.5,5.6,1.456521739,3.844776119
307,9/28/1956,10/7/1956,10,11.1,2.9,1.11,2.612612613
309,11/4/1956,11/7/1956,4,33.5,24,8.375,2.865671642
311,11/15/1956,11/16/1956,2,0.8,0.7,0.4,1.75
313,12/17/1956,1/8/1957,23,261.3,64,11.36086957,5.633371604
315,1/20/1957,2/10/1957,22,49,9.8,2.227272727,4.4
317,2/18/1957,3/10/1957,21,241.3,39,11.49047619,3.394115209
319,3/12/1957,4/25/1957,45,6986.6,1430,155.2577778,9.21048865
321,4/27/1957,5/29/1957,33,9691.3,2560,293.6757576,8.717096778
323,5/31/1957,6/18/1957,19,293.6,89,15.45263158,5.759536785
325,6/20/1957,7/5/1957,16,202.2,70,12.6375,5.539070227
327,7/20/1957,7/25/1957,6,27.5,18,4.583333333,3.927272727
329,8/12/1957,8/28/1957,17,30.4,5,1.788235294,2.796052632
331,9/2/1957,9/20/1957,19,62.8,7.9,3.305263158,2.390127389
333,9/22/1957,10/11/1957,20,903.5,278,45.175,6.153846154
335,10/13/1957,11/4/1957,23,13737.2,5440,597.2695652,9.108115191
337,11/7/1957,12/20/1957,44,11555.5,1920,262.625,7.310804379
339,12/27/1957,2/8/1958,44,22807,3000,518.3409091,5.78769676
341,2/10/1958,2/19/1958,10,1016,198,101.6,1.948818898
343,2/21/1958,4/6/1958,45,4255.2,1040,94.56,10.99830795
345,4/9/1958,5/1/1958,23,319.7,86,13.9,6.18705036
347,5/3/1958,5/21/1958,19,1297.5,354,68.28947368,5.183815029
349,5/23/1958,6/9/1958,18,588.2,188,32.67777778,5.753145189
351,6/17/1958,6/19/1958,3,17.2,10,5.733333333,1.744186047
353,7/14/1958,7/23/1958,10,8.2,2.8,0.82,3.414634146
355,8/13/1958,10/25/1958,74,4251.3,576,57.45,10.02610966
357,10/27/1958,11/16/1958,21,110,13,5.238095238,2.481818182
359,11/18/1958,11/30/1958,13,116.4,26,8.953846154,2.903780069
361,12/22/1958,1/11/1959,21,17.7,2.4,0.842857143,2.847457627
363,1/14/1959,1/17/1959,4,0.8,0.4,0.2,2
365,1/29/1959,3/23/1959,54,3994.1,692,73.96481481,9.355799805
367,3/26/1959,5/7/1959,43,25134.5,3690,584.5232558,6.312836937
369,5/10/1959,5/21/1959,12,6693,1740,557.75,3.119677275
371,5/23/1959,6/3/1959,12,3335,796,277.9166667,2.864167916
373,6/5/1959,7/16/1959,42,4010.5,997,95.48809524,10.44109213
375,7/19/1959,8/13/1959,26,1050.1,395,40.38846154,9.78002095
377,8/15/1959,9/20/1959,37,3215.7,866,86.91081081,9.964237958
379,9/22/1959,10/11/1959,20,413.2,99,20.66,4.791868345
381,10/13/1959,10/29/1959,17,735.7,249,43.27647059,5.753703955
383,10/31/1959,12/7/1959,38,2252.8,512,59.28421053,8.636363636
385,12/9/1959,1/12/1960,35,9365.7,1380,267.5914286,5.157115859
387,1/14/1960,2/1/1960,19,2945,800,155,5.161290323
389,2/3/1960,4/21/1960,79,10674.9,1190,135.1253165,8.806639875
391,4/25/1960,6/5/1960,42,4023.3,1220,95.79285714,12.73581388
393,6/7/1960,6/18/1960,12,35.1,12,2.925,4.102564103
395,6/21/1960,7/13/1960,23,39313.3,10300,1709.273913,6.025950505
397,7/15/1960,8/7/1960,24,13733,2340,572.2083333,4.089419646
399,8/11/1960,10/3/1960,54,6231.1,1140,115.3907407,9.879475534
401,10/5/1960,10/12/1960,8,195.6,48,24.45,1.963190184
403,10/14/1960,11/11/1960,29,16197,2780,558.5172414,4.977464963
405,11/13/1960,12/3/1960,21,12499,1920,595.1904762,3.225858069
407,12/5/1960,12/25/1960,21,11548,1880,549.9047619,3.418773814
409,12/27/1960,2/3/1961,39,18362,1570,470.8205128,3.334604074
411,2/5/1961,4/3/1961,58,25029,3510,431.5344828,8.133764833
413,4/6/1961,5/14/1961,39,1427.5,297,36.6025641,8.114185639
415,5/16/1961,5/22/1961,7,11.5,1.8,1.642857143,1.095652174
417,5/24/1961,6/6/1961,14,87.8,20,6.271428571,3.189066059
419,6/8/1961,7/7/1961,30,15713.7,4340,523.79,8.285763378
421,7/9/1961,7/31/1961,23,9787,3060,425.5217391,7.191171963
423,8/2/1961,8/25/1961,24,609,45,25.375,1.773399015
425,8/27/1961,9/9/1961,14,496,98,35.42857143,2.766129032
427,9/11/1961,10/21/1961,41,25853.6,6260,630.5756098,9.927437572
429,10/24/1961,10/31/1961,8,17.7,2.3,2.2125,1.039548023
431,11/2/1961,12/7/1961,36,1568.1,402,43.55833333,9.229003252
433,12/11/1961,12/14/1961,4,30.8,8.8,7.7,1.142857143
435,12/17/1961,12/30/1961,14,422.7,137,30.19285714,4.537497043
437,1/3/1962,2/10/1962,39,277.3,27,7.11025641,3.79733141
439,2/14/1962,3/11/1962,26,547.5,146,21.05769231,6.933333333
441,3/13/1962,4/2/1962,21,83.1,12,3.957142857,3.032490975
443,4/4/1962,4/16/1962,13,29.5,5.2,2.269230769,2.291525424
445,4/18/1962,4/20/1962,3,5.5,2.7,1.833333333,1.472727273
447,4/22/1962,5/18/1962,27,701.7,223,25.98888889,8.580589996
449,5/20/1962,6/24/1962,36,661.4,155,18.37222222,8.436649531
451,6/26/1962,7/28/1962,33,1057.4,211,32.04242424,6.58501986
453,7/30/1962,8/8/1962,10,31.1,5.2,3.11,1.672025723
455,8/10/1962,10/11/1962,63,792.8,97,12.58412698,7.708123108
457,10/13/1962,11/14/1962,33,88.2,8,2.672727273,2.993197279
459,11/16/1962,12/19/1962,34,3871.2,1360,113.8588235,11.94461666
461,12/23/1962,1/15/1963,24,2448.6,311,102.025,3.048272482
463,1/17/1963,2/16/1963,31,1649.3,600,53.20322581,11.27751167
465,2/18/1963,3/31/1963,42,3510.9,1000,83.59285714,11.9627446
467,4/3/1963,4/22/1963,20,40.1,5.8,2.005,2.89276808
469,4/27/1963,5/12/1963,16,18.4,4.1,1.15,3.565217391
471,5/14/1963,6/12/1963,30,399.9,144,13.33,10.80270068
473,6/16/1963,7/25/1963,40,1307.4,215,32.685,6.577940952
475,7/27/1963,8/19/1963,24,244.7,22,10.19583333,2.157744177
477,8/22/1963,8/29/1963,8,63.9,18,7.9875,2.253521127
479,8/31/1963,9/22/1963,23,149.6,16,6.504347826,2.459893048
481,9/24/1963,10/15/1963,22,125.4,18,5.7,3.157894737
483,10/17/1963,11/3/1963,18,118.9,38,6.605555556,5.752733389
485,11/6/1963,12/8/1963,33,227.1,14,6.881818182,2.034346103
487,12/10/1963,12/10/1963,1,1.4,1.4,1.4,1
489,12/12/1963,1/13/1964,33,659.8,124,19.99393939,6.201879357
491,1/16/1964,1/28/1964,13,225.1,54,17.31538462,3.118613949
493,1/30/1964,2/19/1964,21,978.9,180,46.61428571,3.861477168
495,2/21/1964,3/17/1964,26,7732.6,2770,297.4076923,9.313814241
497,3/19/1964,4/8/1964,21,565.5,224,26.92857143,8.318302387
499,4/10/1964,4/24/1964,15,1789.4,1130,119.2933333,9.472448866
501,4/26/1964,5/17/1964,22,774.4,192,35.2,5.454545455
503,5/19/1964,6/9/1964,22,3624.7,2350,164.7590909,14.26324937
505,6/11/1964,6/11/1964,1,4.5,4.5,4.5,1
507,6/13/1964,7/7/1964,25,1313.4,462,52.536,8.793969849
509,7/10/1964,8/17/1964,39,425,18,10.8974359,1.651764706
511,8/19/1964,8/19/1964,1,3,3,3,1
513,8/21/1964,9/4/1964,15,94.1,15,6.273333333,2.391073326
515,9/6/1964,10/16/1964,41,790.9,58,19.2902439,3.006701226
517,10/18/1964,10/24/1964,7,11.5,4.7,1.642857143,2.860869565
519,10/26/1964,12/7/1964,43,1174.3,171,27.30930233,6.261602657
521,12/9/1964,12/25/1964,17,679.4,144,39.96470588,3.603179276
523,12/27/1964,1/20/1965,25,316.7,52,12.668,4.10483107
525,1/22/1965,2/7/1965,17,879.4,306,51.72941176,5.915396861
527,2/9/1965,4/13/1965,64,4900.4,1400,76.56875,18.2842217
529,4/16/1965,4/16/1965,1,0.2,0.2,0.2,1
531,4/20/1965,5/8/1965,19,101.8,30,5.357894737,5.599214145
533,5/11/1965,6/20/1965,41,5122.6,686,124.9414634,5.490571194
535,6/22/1965,7/1/1965,10,220.5,39,22.05,1.768707483
537,7/4/1965,8/4/1965,32,361.1,25,11.284375,2.215452783
539,8/6/1965,8/6/1965,1,3.8,3.8,3.8,1
541,8/8/1965,8/20/1965,13,148,16,11.38461538,1.405405405
543,8/22/1965,9/15/1965,25,145.2,31,5.808,5.337465565
545,9/17/1965,9/17/1965,1,1.6,1.6,1.6,1
547,9/19/1965,11/2/1965,45,1764,185,39.2,4.719387755
549,11/4/1965,11/30/1965,27,3161.8,542,117.1037037,4.628376241
551,12/2/1965,12/31/1965,30,6119.7,940,203.99,4.608069023
553,1/2/1966,1/17/1966,16,955.5,218,59.71875,3.650444793
555,1/19/1966,2/7/1966,20,3417,514,170.85,3.008486977
557,2/9/1966,2/24/1966,16,11009,2300,688.0625,3.342719593
559,2/26/1966,3/10/1966,13,1443.6,419,111.0461538,3.773205874
561,3/12/1966,3/24/1966,13,323.4,84,24.87692308,3.376623377
563,3/27/1966,4/8/1966,13,567,215,43.61538462,4.929453263
565,4/10/1966,4/23/1966,14,4876,1820,348.2857143,5.22559475
567,4/25/1966,6/10/1966,47,24172,3210,514.2978723,6.241519113
569,6/13/1966,7/1/1966,19,1341.2,375,70.58947368,5.3124068
571,7/3/1966,7/28/1966,26,256.4,22,9.861538462,2.230889236
573,7/30/1966,8/16/1966,18,436.2,170,24.23333333,7.015130674
575,8/18/1966,9/1/1966,15,442.9,84,29.52666667,2.844885979
577,9/3/1966,10/1/1966,29,3205.5,544,110.5344828,4.921541101
579,10/3/1966,11/28/1966,57,733.47,59,12.86789474,4.585054603
581,12/5/1966,12/14/1966,10,24.74,13,2.474,5.254648343
583,12/16/1966,12/24/1966,9,89.76,45,9.973333333,4.512032086
585,12/27/1966,1/4/1967,9,9.28,2.1,1.031111111,2.036637931
587,1/9/1967,2/4/1967,27,357.91,100,13.25592593,7.543795926
589,2/6/1967,2/24/1967,19,48.13,11,2.533157895,4.342405984
591,2/26/1967,3/17/1967,20,20.78,4.4,1.039,4.234841193
593,3/20/1967,4/4/1967,16,14.88,4.7,0.93,5.053763441
595,4/6/1967,4/29/1967,24,546.04,239,22.75166667,10.50472493
597,5/1/1967,5/18/1967,18,70.84,23,3.935555556,5.844155844
599,5/20/1967,6/18/1967,30,863.5,291,28.78333333,10.11001737
601,6/20/1967,8/4/1967,46,332.18,35,7.221304348,4.846769824
603,8/6/1967,9/13/1967,39,314.72,149,8.06974359,18.46403152
605,9/15/1967,10/27/1967,43,3833.5,1110,89.15116279,12.45076301
607,10/29/1967,11/28/1967,31,150.56,26,4.856774194,5.353347503
609,11/30/1967,12/30/1967,31,519.83,84,16.76870968,5.009329973
611,1/1/1968,3/3/1968,63,12552.6,2490,199.247619,12.49701257
613,3/5/1968,4/5/1968,32,912.1,255,28.503125,8.946387458
615,4/7/1968,4/19/1968,13,151.2,47,11.63076923,4.041005291
617,4/21/1968,5/1/1968,11,42.15,16,3.831818182,4.175563464
619,5/3/1968,5/25/1968,23,29854.7,5230,1298.030435,4.029181335
621,5/27/1968,6/1/1968,6,1555,556,259.1666667,2.145337621
623,6/3/1968,6/17/1968,15,5647,1370,376.4666667,3.639100407
625,6/19/1968,8/29/1968,72,22882.6,3480,317.8138889,10.94980466
627,8/31/1968,10/4/1968,35,3828,662,109.3714286,6.05276907
629,10/6/1968,11/3/1968,29,2114.7,300,72.92068966,4.114058732
631,11/5/1968,11/25/1968,21,3938,1310,187.5238095,6.985779584
633,11/27/1968,12/11/1968,15,6250,1330,416.6666667,3.192
635,12/13/1968,12/19/1968,7,1740,587,248.5714286,2.361494253
637,12/21/1968,1/11/1969,22,1909,474,86.77272727,5.462545836
639,1/14/1969,1/29/1969,16,859,253,53.6875,4.712456345
641,1/31/1969,3/13/1969,42,24124,4300,574.3809524,7.486320677
643,3/15/1969,4/9/1969,26,5395.2,889,207.5076923,4.284178529
645,4/11/1969,4/25/1969,15,1700.1,479,113.34,4.226221987
647,4/27/1969,6/2/1969,37,7359.3,1590,198.9,7.993966817
649,6/4/1969,6/13/1969,10,317.4,119,31.74,3.74921235
651,6/15/1969,7/3/1969,19,78.2,6,4.115789474,1.457800512
653,7/5/1969,8/14/1969,41,666.6,56,16.25853659,3.444344434
655,8/16/1969,9/13/1969,29,879.8,229,30.33793103,7.548306433
657,9/15/1969,9/28/1969,14,232,47,16.57142857,2.836206897
659,9/30/1969,10/20/1969,21,222.3,28,10.58571429,2.645074224
661,10/22/1969,11/15/1969,25,190.52,32,7.6208,4.199034222
663,11/17/1969,12/3/1969,17,1322.34,457,77.78470588,5.875190949
665,12/5/1969,12/23/1969,19,1087.2,278,57.22105263,4.858351729
667,12/25/1969,12/27/1969,3,5.7,2,1.9,1.052631579
669,12/29/1969,1/30/1970,33,903.2,110,27.36969697,4.019043401
671,2/1/1970,2/22/1970,22,578,113,26.27272727,4.301038062
673,2/24/1970,4/7/1970,43,6699.6,965,155.8046512,6.193653352
675,4/9/1970,4/29/1970,21,3625.8,1100,172.6571429,6.371007778
677,5/1/1970,5/13/1970,13,769,319,59.15384615,5.392717815
679,5/15/1970,6/15/1970,32,6660.3,2320,208.134375,11.14664505
681,6/17/1970,7/10/1970,24,158.7,68,6.6125,10.28355388
683,7/12/1970,8/16/1970,36,609.5,57,16.93055556,3.366694011
685,8/18/1970,10/5/1970,49,1440,154,29.3877551,5.240277778
687,10/7/1970,11/7/1970,32,17167,2820,536.46875,5.256596959
689,11/9/1970,1/14/1971,67,1633.4,306,24.37910448,12.55173258
691,1/16/1971,1/27/1971,12,19.9,2.1,1.658333333,1.266331658
693,1/29/1971,2/23/1971,26,60.1,7.5,2.311538462,3.244592346
695,2/25/1971,3/16/1971,20,93.91,56,4.6955,11.92631243
697,3/18/1971,4/28/1971,42,326.92,89,7.783809524,11.43398997
699,5/1/1971,5/19/1971,19,1147.84,498,60.41263158,8.243309172
701,5/21/1971,6/16/1971,27,271.3,55,10.04814815,5.473645411
703,6/19/1971,7/7/1971,19,99.67,18,5.245789474,3.431323367
705,7/10/1971,7/29/1971,20,185.58,32,9.279,3.448647484
707,7/31/1971,8/27/1971,28,2489.3,612,88.90357143,6.883862933
709,8/29/1971,10/2/1971,35,1664.4,357,47.55428571,7.507209805
711,10/4/1971,10/18/1971,15,508,80,33.86666667,2.362204724
713,10/20/1971,11/14/1971,26,633.9,251,24.38076923,10.29499921
715,11/16/1971,11/16/1971,1,1.5,1.5,1.5,1
717,11/18/1971,11/30/1971,13,90.9,25,6.992307692,3.575357536
719,12/2/1971,12/26/1971,25,7894,1900,315.76,6.017228275
721,12/29/1971,1/28/1972,31,2570.8,393,82.92903226,4.738991754
723,1/30/1972,2/9/1972,11,2609,728,237.1818182,3.06937524
725,2/11/1972,3/18/1972,37,1048.1,257,28.32702703,9.072607576
727,3/20/1972,4/15/1972,27,3004.1,837,111.262963,7.522718951
729,4/17/1972,6/4/1972,49,36619,3980,747.3265306,5.325650619
731,6/7/1972,6/30/1972,24,4796,1210,199.8333333,6.055045872
733,7/2/1972,7/28/1972,27,859,81,31.81481481,2.545983702
735,7/31/1972,8/28/1972,29,515.5,61,17.77586207,3.431619787
737,8/30/1972,9/3/1972,5,33.5,10,6.7,1.492537313
739,9/5/1972,10/19/1972,45,1484.8,133,32.99555556,4.030845905
741,10/21/1972,12/6/1972,47,10223.8,1080,217.5276596,4.964885855
743,12/8/1972,12/30/1972,23,1469,200,63.86956522,3.131381892
745,1/1/1973,2/6/1973,37,8643,718,233.5945946,3.073701261
747,2/8/1973,3/14/1973,35,13264,1730,378.9714286,4.564987937
749,3/16/1973,4/4/1973,20,11526,1420,576.3,2.463994447
751,4/6/1973,4/13/1973,8,2813,903,351.625,2.568076786
753,4/15/1973,4/30/1973,16,30428,6560,1901.75,3.44945445
755,5/2/1973,5/29/1973,28,2698.7,586,96.38214286,6.079964427
757,5/31/1973,7/3/1973,34,32974,5550,969.8235294,5.722690605
759,7/5/1973,7/19/1973,15,3428,1540,228.5333333,6.738623104
761,7/21/1973,8/26/1973,37,3117,550,84.24324324,6.528713507
763,8/28/1973,9/23/1973,27,9452,3230,350.0740741,9.226618705
765,9/25/1973,10/25/1973,31,28062,4290,905.2258065,4.739149027
767,10/27/1973,12/1/1973,36,5807.9,695,161.3305556,4.307925412
769,12/4/1973,12/16/1973,13,548.5,189,42.19230769,4.479489517
771,12/18/1973,3/12/1974,85,37066.87,3170,436.0808235,7.269294656
773,3/14/1974,3/22/1974,9,1804.52,859,200.5022222,4.284241793
775,3/24/1974,4/8/1974,16,2123.3,500,132.70625,3.767720058
777,4/10/1974,4/28/1974,19,374.1,199,19.68947368,10.10692328
779,4/30/1974,5/29/1974,30,5140,1230,171.3333333,7.178988327
781,5/31/1974,6/25/1974,26,494.6,89,19.02307692,4.678528104
783,6/27/1974,7/29/1974,33,1232.4,95,37.34545455,2.543816943
785,7/31/1974,8/20/1974,21,1989.8,644,94.75238095,6.796662981
787,8/22/1974,9/9/1974,19,899.7,203,47.35263158,4.28698455
789,9/11/1974,10/12/1974,32,20921,4710,653.78125,7.204244539
791,10/14/1974,10/26/1974,13,533,167,41,4.073170732
793,10/28/1974,11/22/1974,26,17066,2120,656.3846154,3.229813665
795,11/24/1974,12/4/1974,11,6148,1500,558.9090909,2.68379961
797,12/6/1974,12/28/1974,23,14322,1920,622.6956522,3.083368245
799,12/30/1974,1/16/1975,18,2551,325,141.7222222,2.293218346
801,1/18/1975,1/29/1975,12,1765,320,147.0833333,2.175637394
803,2/1/1975,3/1/1975,29,8461.1,2000,291.762069,6.854900663
805,3/4/1975,3/11/1975,8,99.6,20,12.45,1.606425703
807,3/13/1975,4/6/1975,25,3172,1000,126.88,7.881462799
809,4/8/1975,4/27/1975,20,24924,3460,1246.2,2.776440379
811,4/29/1975,5/7/1975,9,2135,622,237.2222222,2.622014052
813,5/9/1975,5/22/1975,14,1948,412,139.1428571,2.960985626
815,5/24/1975,6/8/1975,16,8922,1850,557.625,3.317641784
817,6/10/1975,6/24/1975,15,5602,1340,373.4666667,3.588004284
819,6/26/1975,7/9/1975,14,1905,342,136.0714286,2.513385827
821,7/11/1975,8/20/1975,41,3794,302,92.53658537,3.263574064
823,8/22/1975,9/13/1975,23,706,58,30.69565217,1.889518414
825,9/15/1975,9/30/1975,16,323,46,20.1875,2.278637771
827,10/2/1975,10/7/1975,6,87,17,14.5,1.172413793
829,10/9/1975,11/15/1975,38,3731.8,682,98.20526316,6.944637976
831,11/18/1975,11/27/1975,10,78.9,15,7.89,1.901140684
833,11/29/1975,12/13/1975,15,154,30,10.26666667,2.922077922
835,12/15/1975,12/22/1975,8,68.5,18,8.5625,2.102189781
837,12/24/1975,1/16/1976,24,3045.9,877,126.9125,6.910272826
839,1/19/1976,3/2/1976,44,407.9,72,9.270454545,7.766609463
841,3/6/1976,4/2/1976,28,565.8,154,20.20714286,7.621067515
843,4/4/1976,4/13/1976,10,144.8,36,14.48,2.486187845
845,4/16/1976,5/5/1976,20,563.6,123,28.18,4.364797729
847,5/7/1976,5/22/1976,16,1195.8,429,74.7375,5.740090316
849,5/25/1976,6/20/1976,27,7624.6,1960,282.3925926,6.940691971
851,6/22/1976,8/10/1976,50,5658.5,522,113.17,4.612529822
853,8/12/1976,8/28/1976,17,318.8,74,18.75294118,3.946047679
855,8/30/1976,9/17/1976,19,4902.1,3080,258.0052632,11.93774097
857,9/19/1976,10/12/1976,24,4287,1050,178.625,5.878236529
859,10/14/1976,11/16/1976,34,9169,1340,269.6764706,4.968917003
861,11/18/1976,12/3/1976,16,1601,258,100.0625,2.578388507
863,12/5/1976,12/31/1976,27,22200,1970,822.2222222,2.395945946
865,1/2/1977,1/28/1977,27,4415,808,163.5185185,4.941336353
867,1/30/1977,3/22/1977,52,8672.4,1780,166.7769231,10.67293944
869,3/24/1977,4/14/1977,22,632.9,85,28.76818182,2.954653184
871,4/16/1977,5/18/1977,33,16980,2730,514.5454545,5.30565371
873,5/21/1977,6/8/1977,19,397.8,64,20.93684211,3.056812469
875,6/10/1977,7/1/1977,22,2317,1370,105.3181818,13.00820026
877,7/3/1977,8/4/1977,33,793.4,60,24.04242424,2.495588606
879,8/6/1977,9/4/1977,30,397.3,45,13.24333333,3.397936068
881,9/6/1977,10/29/1977,54,2170.5,266,40.19444444,6.617829993
883,10/31/1977,11/18/1977,19,490.4,139,25.81052632,5.385399674
885,11/20/1977,11/25/1977,6,106.4,54,17.73333333,3.045112782
887,11/28/1977,12/8/1977,11,288.5,93,26.22727273,3.54592721
889,12/10/1977,12/10/1977,1,7.9,7.9,7.9,1
891,12/13/1977,12/25/1977,13,390.6,113,30.04615385,3.760880696
893,12/27/1977,2/5/1978,41,10797.2,1740,263.3463415,6.607268551
895,2/7/1978,3/26/1978,48,7742.8,1250,161.3083333,7.74913468
897,3/28/1978,4/4/1978,8,75.6,11,9.45,1.164021164
899,4/7/1978,4/27/1978,21,224.8,15,10.7047619,1.401245552
901,4/29/1978,6/25/1978,58,15676.4,3860,270.2827586,14.2813401
903,6/27/1978,7/8/1978,12,382,47,31.83333333,1.476439791
905,7/10/1978,8/16/1978,38,1464,140,38.52631579,3.633879781
907,8/21/1978,10/18/1978,59,6065,792,102.7966102,7.704534213
909,10/20/1978,10/31/1978,12,125,18,10.41666667,1.728
911,11/2/1978,12/25/1978,54,10770.2,1450,199.4481481,7.27005998
913,12/27/1978,1/17/1979,22,17500,2380,795.4545455,2.992
915,1/19/1979,2/1/1979,14,19511,4100,1393.642857,2.941930193
917,2/3/1979,2/15/1979,13,14843,2980,1141.769231,2.609984504
919,2/17/1979,3/17/1979,29,3136,427,108.137931,3.948660714
921,3/19/1979,3/29/1979,11,3145,712,285.9090909,2.490302067
923,3/31/1979,4/16/1979,17,8673,2070,510.1764706,4.057419578
925,4/18/1979,4/27/1979,10,15389,2700,1538.9,1.754499968
927,4/29/1979,5/17/1979,19,7541,1510,396.8947368,3.804535208
929,5/20/1979,6/22/1979,34,19371,2190,569.7352941,3.843890352
931,6/25/1979,8/12/1979,49,7439,1040,151.8163265,6.850383116
933,8/14/1979,8/23/1979,10,613,193,61.3,3.148450245
935,8/25/1979,9/15/1979,22,1233,417,56.04545455,7.440389294
937,9/17/1979,10/16/1979,30,24414,4210,813.8,5.173261244
939,10/18/1979,11/15/1979,29,2789,642,96.17241379,6.675510936
941,11/17/1979,12/10/1979,24,10174,2010,423.9166667,4.741497936
943,12/12/1979,12/27/1979,16,6765,1700,422.8125,4.020694752
945,12/29/1979,1/15/1980,18,1784,389,99.11111111,3.924887892
947,1/17/1980,2/6/1980,21,15434,3150,734.952381,4.285991966
949,2/8/1980,3/24/1980,46,11906,2360,258.826087,9.118091718
951,3/26/1980,4/21/1980,27,3710,865,137.4074074,6.295148248
953,4/25/1980,5/11/1980,17,854,132,50.23529412,2.62763466
955,5/13/1980,6/6/1980,25,8203,1630,328.12,4.967694746
957,6/9/1980,6/25/1980,17,1038,264,61.05882353,4.323699422
959,6/27/1980,7/4/1980,8,97,13,12.125,1.072164948
961,7/7/1980,8/12/1980,37,1133,231,30.62162162,7.54368932
963,8/14/1980,8/18/1980,5,170,91,34,2.676470588
965,8/20/1980,10/9/1980,51,4341,653,85.11764706,7.671734623
967,10/11/1980,11/20/1980,41,11614,2140,283.2682927,7.554675392
969,11/22/1980,1/13/1981,53,2525,415,47.64150943,8.710891089
971,1/19/1981,2/3/1981,16,2624,800,164,4.87804878
973,2/5/1981,2/17/1981,13,651,150,50.07692308,2.995391705
975,2/19/1981,3/23/1981,33,1429,429,43.3030303,9.906927922
977,3/29/1981,4/13/1981,16,241,44,15.0625,2.921161826
979,4/18/1981,5/1/1981,14,2636,677,188.2857143,3.595599393
981,5/3/1981,5/28/1981,26,11030,2920,424.2307692,6.883046238
983,5/30/1981,7/2/1981,34,11348,1200,333.7647059,3.595347198
985,7/4/1981,8/8/1981,36,9460,1700,262.7777778,6.469344609
987,8/10/1981,9/30/1981,52,15794,5730,303.7307692,18.86539192
989,10/3/1981,10/25/1981,23,1913,373,83.17391304,4.484579195
991,10/27/1981,11/27/1981,32,1656,427,51.75,8.251207729
993,11/29/1981,1/8/1982,41,5335,1370,130.1219512,10.52858482
995,1/10/1982,1/25/1982,16,523,143,32.6875,4.374760994
997,1/29/1982,2/18/1982,21,723,147,34.42857143,4.269709544
999,2/20/1982,3/10/1982,19,756,211,39.78947368,5.302910053
1001,3/12/1982,3/12/1982,1,17,17,17,1
1003,3/14/1982,3/15/1982,2,35,18,17.5,1.028571429
1005,3/17/1982,3/17/1982,1,17,17,17,1
1007,3/19/1982,3/19/1982,1,17,17,17,1
1009,3/21/1982,4/6/1982,17,596,112,35.05882353,3.194630872
1011,4/9/1982,5/3/1982,25,2281,298,91.24,3.266111355
1013,5/6/1982,6/7/1982,33,24109,3830,730.5757576,5.242440582
1015,6/9/1982,7/2/1982,24,706,129,29.41666667,4.385269122
1017,7/4/1982,7/8/1982,5,142,58,28.4,2.042253521
1019,7/12/1982,7/27/1982,16,523,87,32.6875,2.661567878
1021,7/29/1982,8/5/1982,8,657,416,82.125,5.065449011
1023,8/7/1982,8/20/1982,14,1082,333,77.28571429,4.308687616
1025,8/22/1982,8/27/1982,6,105,18,17.5,1.028571429
1027,8/29/1982,9/1/1982,4,75,20,18.75,1.066666667
1029,9/3/1982,9/8/1982,6,174,58,29,2
1031,9/10/1982,9/10/1982,1,17,17,17,1
1033,9/12/1982,10/25/1982,44,3599,1200,81.79545455,14.67074187
1035,10/27/1982,11/14/1982,19,1382,439,72.73684211,6.035455861
1037,11/16/1982,12/9/1982,24,19929,1970,830.375,2.372422098
1039,12/11/1982,12/23/1982,13,2647,549,203.6153846,2.696259917
1041,12/25/1982,1/15/1983,22,3656,436,166.1818182,2.623632385
1043,1/18/1983,1/29/1983,12,2471,550,205.9166667,2.670983408
1045,1/31/1983,3/14/1983,43,15370,2260,357.4418605,6.322706571
1047,3/16/1983,4/28/1983,44,8930,1540,202.9545455,7.587905935
1049,4/30/1983,5/6/1983,7,152,31,21.71428571,1.427631579
1051,5/8/1983,6/9/1983,33,24562,5060,744.3030303,6.798306327
1053,6/11/1983,7/3/1983,23,5487,854,238.5652174,3.579733917
1055,7/5/1983,7/6/1983,2,30,15,15,1
1057,7/8/1983,7/11/1983,4,56,14,14,1
1059,7/13/1983,8/1/1983,20,7667,2010,383.35,5.243250293
1061,8/3/1983,9/13/1983,42,16339,3570,389.0238095,9.176816207
1063,9/15/1983,10/7/1983,23,5969,1350,259.5217391,5.201876361
1065,10/9/1983,10/28/1983,20,835,80,41.75,1.916167665
1067,10/30/1983,10/30/1983,1,22,22,22,1
1069,11/1/1983,11/12/1983,12,853,350,71.08333333,4.923798359
1071,11/14/1983,11/14/1983,1,18,18,18,1
1073,11/19/1983,1/7/1984,50,7095,908,141.9,6.398872445
1075,1/9/1984,1/21/1984,13,1228,584,94.46153846,6.182410423
1077,1/23/1984,2/7/1984,16,1411,372,88.1875,4.218284904
1079,2/9/1984,3/10/1984,31,5085,721,164.0322581,4.395476893
1081,3/12/1984,4/5/1984,25,3390,595,135.6,4.387905605
1083,4/7/1984,5/9/1984,33,1240,379,37.57575758,10.08629032
1085,5/11/1984,5/31/1984,21,2614,634,124.4761905,5.093343535
1087,6/2/1984,6/15/1984,14,737,217,52.64285714,4.122116689
1089,6/17/1984,7/13/1984,27,1423,411,52.7037037,7.798313422
1091,7/18/1984,8/17/1984,31,2479,437,79.96774194,5.464703509
1093,8/20/1984,8/20/1984,1,18,18,18,1
1095,8/22/1984,8/28/1984,7,212,58,30.28571429,1.91509434
1097,8/30/1984,9/12/1984,14,426,102,30.42857143,3.352112676
1099,9/14/1984,10/3/1984,20,1090,227,54.5,4.165137615
1101,10/5/1984,11/12/1984,39,17079,4590,437.9230769,10.48129282
1103,11/14/1984,12/2/1984,19,1163,243,61.21052632,3.969905417
1105,12/4/1984,12/14/1984,11,610,123,55.45454545,2.218032787
1107,12/16/1984,1/25/1985,41,2662,262,64.92682927,4.035311796
1109,1/27/1985,2/5/1985,10,631,112,63.1,1.77496038
1111,2/10/1985,2/21/1985,12,5106,1950,425.5,4.582843713
1113,2/23/1985,3/12/1985,18,6311,1000,350.6111111,2.85216289
1115,3/14/1985,4/8/1985,26,8667,1990,333.3461538,5.969770393
1117,4/10/1985,4/18/1985,9,785,372,87.22222222,4.264968153
1119,4/20/1985,5/26/1985,37,2226,260,60.16216216,4.32165319
1121,5/28/1985,7/1/1985,35,7728,1420,220.8,6.43115942
1123,7/3/1985,7/12/1985,10,1320,379,132,2.871212121
1125,7/14/1985,8/9/1985,27,1712,321,63.40740741,5.0625
1127,8/12/1985,8/17/1985,6,323,102,53.83333333,1.894736842
1129,8/19/1985,8/27/1985,9,439,157,48.77777778,3.218678815
1131,8/29/1985,9/18/1985,21,1032,160,49.14285714,3.255813953
1133,9/20/1985,9/21/1985,2,47,24,23.5,1.021276596
1135,9/23/1985,10/8/1985,16,1426.9,471,89.18125,5.281379214
1137,10/10/1985,10/26/1985,17,3999.3,886,235.2529412,3.766159078
1139,10/28/1985,11/9/1985,13,1505,376,115.7692308,3.247840532
1141,11/11/1985,11/21/1985,11,2019.7,428,183.6090909,2.331039263
1143,11/23/1985,12/9/1985,17,15805.3,2860,929.7235294,3.076183306
1145,12/11/1985,1/30/1986,51,9991.9,1710,195.9196078,8.728069736
1147,2/1/1986,2/28/1986,28,4847.1,1150,173.1107143,6.643147449
1149,3/2/1986,3/27/1986,26,911.8,191,35.06923077,5.446369818
1151,3/29/1986,4/24/1986,27,867.3,216,32.12222222,6.724316845
1153,4/26/1986,5/12/1986,17,921.3,226,54.19411765,4.170194291
1155,5/14/1986,7/4/1986,52,18599.3,1690,357.6788462,4.724909002
1157,7/6/1986,7/12/1986,7,350.1,132,50.01428571,2.63924593
1159,7/14/1986,8/2/1986,20,579.4,41.7,28.97,1.43942009
1161,8/4/1986,8/18/1986,15,563.6,94.2,37.57333333,2.507097232
1163,8/20/1986,8/29/1986,10,753.2,223,75.32,2.960701009
1165,8/31/1986,9/17/1986,18,2794.5,657,155.25,4.231884058
1167,9/19/1986,10/3/1986,15,1341.5,301,89.43333333,3.365635483
1169,10/5/1986,10/31/1986,27,6217.8,2070,230.2888889,8.988709833
1171,11/2/1986,11/21/1986,20,1055.8,176,52.79,3.333964766
1173,11/23/1986,12/7/1986,15,4298.6,865,286.5733333,3.018424603
1175,12/9/1986,1/14/1987,37,19234.6,2410,519.8540541,4.635916525
1177,1/16/1987,2/2/1987,18,5226.9,1040,290.3833333,3.581472766
1179,2/4/1987,4/3/1987,59,9132.7,1230,154.7915254,7.94617145
1181,4/5/1987,4/14/1987,10,305.5,97.7,30.55,3.198036007
1183,4/16/1987,5/25/1987,40,2547,302,63.675,4.742834707
1185,5/29/1987,6/27/1987,30,26260,2930,875.3333333,3.347296268
1187,6/29/1987,8/21/1987,54,7579,1170,140.3518519,8.33619211
1189,8/23/1987,8/25/1987,3,79,27,26.33333333,1.025316456
1191,8/27/1987,9/9/1987,14,814,230,58.14285714,3.955773956
1193,9/11/1987,9/21/1987,11,545,134,49.54545455,2.704587156
1195,9/25/1987,11/6/1987,43,1384,386,32.18604651,11.99277457
1197,11/8/1987,12/17/1987,40,17972,3340,449.3,7.433785889
1199,12/19/1987,2/2/1988,46,10383,1140,225.7173913,5.050563421
1201,2/4/1988,2/16/1988,13,1060,275,81.53846154,3.372641509
1203,2/18/1988,2/26/1988,9,360,93,40,2.325
1205,2/28/1988,3/15/1988,17,749,130,44.05882353,2.950600801
1207,3/17/1988,3/27/1988,11,1537,473,139.7272727,3.385165908
1209,3/29/1988,4/20/1988,23,1769,530,76.91304348,6.890898813
1211,4/22/1988,4/23/1988,2,52,26,26,1
1213,4/25/1988,4/26/1988,2,51,26,25.5,1.019607843
1215,4/28/1988,5/7/1988,10,542,111,54.2,2.04797048
1217,5/9/1988,5/12/1988,4,88,22,22,1
1219,5/14/1988,5/28/1988,15,731,350,48.73333333,7.181942544
1221,5/30/1988,6/10/1988,12,602,306,50.16666667,6.099667774
1223,6/13/1988,7/9/1988,27,893,96,33.07407407,2.902575588
1225,7/11/1988,9/6/1988,58,3162,767,54.51724138,14.06894371
1227,9/8/1988,9/27/1988,20,686,82,34.3,2.390670554
1229,9/29/1988,10/13/1988,15,519,140,34.6,4.046242775
1231,10/15/1988,11/24/1988,41,1201,140,29.29268293,4.779350541
1233,11/26/1988,1/6/1989,42,1469,112,34.97619048,3.202178353
1235,1/8/1989,2/23/1989,47,4972,886,105.787234,8.375301689
1237,2/26/1989,3/9/1989,12,310,63,25.83333333,2.438709677
1239,3/11/1989,3/24/1989,14,624,164,44.57142857,3.679487179
1241,3/26/1989,4/6/1989,12,2056,884,171.3333333,5.159533074
1243,4/8/1989,4/25/1989,18,545,93,30.27777778,3.071559633
1245,4/28/1989,4/28/1989,1,22,22,22,1
1247,4/30/1989,5/10/1989,11,1743,594,158.4545455,3.748709122
1249,5/12/1989,5/30/1989,19,22463,9990,1182.263158,8.449895384
1251,6/1/1989,6/4/1989,4,152,92,38,2.421052632
1253,6/7/1989,6/20/1989,14,1558,916,111.2857143,8.231065469
1255,6/23/1989,7/19/1989,27,14301,7710,529.6666667,14.55632473
1257,7/21/1989,8/14/1989,25,3331,678,133.24,5.088561993
1259,8/16/1989,8/22/1989,7,274,79,39.14285714,2.018248175
1261,8/25/1989,9/26/1989,33,2344,396,71.03030303,5.575085324
1263,9/29/1989,11/16/1989,49,1907,293,38.91836735,7.52857892
1265,11/18/1989,12/7/1989,20,567,61,28.35,2.151675485
1267,12/10/1989,1/15/1990,37,1942,251,52.48648649,4.782183316
1269,1/17/1990,2/16/1990,31,2171,344,70.03225806,4.91202211
1271,2/18/1990,3/21/1990,32,5985,1350,187.03125,7.218045113
1273,3/25/1990,3/26/1990,2,43,22,21.5,1.023255814
1275,3/28/1990,4/12/1990,16,2374,529,148.375,3.565290649
1277,4/14/1990,4/24/1990,11,735,361,66.81818182,5.402721088
1279,4/26/1990,5/16/1990,21,8779,1660,418.047619,3.970839503
1281,5/18/1990,6/28/1990,42,1505,78,35.83333333,2.176744186
1283,6/30/1990,7/3/1990,4,332,204,83,2.457831325
1285,7/5/1990,8/14/1990,41,3584,700,87.41463415,8.0078125
1287,8/16/1990,8/17/1990,2,44,22,22,1
1289,8/19/1990,10/1/1990,44,2467,275,56.06818182,4.904742602
1291,10/3/1990,10/11/1990,9,260,47,28.88888889,1.626923077
1293,10/13/1990,10/30/1990,18,2399,893,133.2777778,6.700291788
1295,11/1/1990,12/12/1990,42,2438,686,58.04761905,11.81788351
1297,12/14/1990,2/2/1991,51,30270,2700,593.5294118,4.549058474
1299,2/4/1991,2/17/1991,14,5360,1500,382.8571429,3.917910448
1301,2/19/1991,3/12/1991,22,2397,992,108.9545455,9.104714226
1303,3/14/1991,3/24/1991,11,502,143,45.63636364,3.133466135
1305,3/26/1991,4/2/1991,8,296,150,37,4.054054054
1307,4/4/1991,4/30/1991,27,29511,3670,1093,3.357731016
1309,5/2/1991,5/13/1991,12,1735,385,144.5833333,2.662824207
1311,5/15/1991,5/26/1991,12,1431,298,119.25,2.498951782
1313,5/28/1991,6/20/1991,24,3914,657,163.0833333,4.028615227
1315,6/22/1991,7/5/1991,14,3797,1090,271.2142857,4.018962339
1317,7/7/1991,7/19/1991,13,1265,560,97.30769231,5.754940711
1319,7/21/1991,8/10/1991,21,907,122,43.19047619,2.824696803
1321,8/12/1991,10/10/1991,60,4677,332,77.95,4.259140475
1323,10/13/1991,10/25/1991,13,339,36,26.07692308,1.380530973
1325,10/27/1991,11/5/1991,10,1185,430,118.5,3.628691983
1327,11/7/1991,11/15/1991,9,799,329,88.77777778,3.705882353
1329,11/17/1991,12/6/1991,20,5436,3050,271.8,11.22148639
1331,12/8/1991,1/3/1992,27,29309,4700,1085.518519,4.32972807
1333,1/5/1992,2/1/1992,28,22985,2640,820.8928571,3.216010442
1335,2/3/1992,2/20/1992,18,22433,3600,1246.277778,2.888601614
1337,2/22/1992,3/2/1992,10,15990,3300,1599,2.063789869
1339,3/4/1992,3/25/1992,22,13569,2810,616.7727273,4.555973174
1341,3/27/1992,4/15/1992,20,5137,804,256.85,3.130231653
1343,4/17/1992,5/12/1992,26,14686,4490,564.8461538,7.949067139
1345,5/14/1992,7/6/1992,54,44363,4850,821.537037,5.903568289
1347,7/8/1992,7/31/1992,24,5338,1530,222.4166667,6.878980892
1349,8/2/1992,8/17/1992,16,2184,456,136.5,3.340659341
1351,8/19/1992,8/28/1992,10,362,77,36.2,2.127071823
1353,8/30/1992,9/29/1992,31,1309,128,42.22580645,3.03132162
1355,10/2/1992,10/2/1992,1,19,19,19,1
1357,10/4/1992,11/6/1992,34,1684,417,49.52941176,8.419239905
1359,11/8/1992,12/5/1992,28,4376,1700,156.2857143,10.87751371
1361,12/7/1992,12/31/1992,25,5314,1330,212.56,6.257056831
1363,1/3/1993,2/8/1993,37,15583,2240,421.1621622,5.318616441
1365,2/10/1993,2/22/1993,13,1897,300,145.9230769,2.055877702
1367,2/25/1993,3/10/1993,14,7415,2670,529.6428571,5.041132839
1369,3/12/1993,4/1/1993,21,9455,1730,450.2380952,3.842411423
1371,4/3/1993,4/27/1993,25,14720,2250,588.8,3.821331522
1373,4/29/1993,5/21/1993,23,26481,3270,1151.347826,2.840149541
1375,5/23/1993,6/8/1993,17,11777,2530,692.7647059,3.652033625
1377,6/10/1993,7/14/1993,35,28832,4240,823.7714286,5.147058824
1379,7/16/1993,8/13/1993,29,1308,113,45.10344828,2.505351682
1381,8/15/1993,8/19/1993,5,164,35,32.8,1.067073171
1383,8/21/1993,9/8/1993,19,2140,567,112.6315789,5.03411215
1385,9/10/1993,9/28/1993,19,993,163,52.26315789,3.118831823
1387,9/30/1993,11/12/1993,44,3971,704,90.25,7.800554017
1389,11/14/1993,12/1/1993,18,3442,919,191.2222222,4.805926787
1391,12/3/1993,1/7/1994,36,1956,299,54.33333333,5.503067485
1393,1/9/1994,2/7/1994,30,2047,650,68.23333333,9.526135809
1395,2/9/1994,2/18/1994,10,3865,2170,386.5,5.614489004
1397,2/20/1994,3/5/1994,14,7109,1620,507.7857143,3.190322127
1399,3/7/1994,3/7/1994,1,47,47,47,1
1401,3/9/1994,3/25/1994,17,3974,1540,233.7647059,6.587820835
1403,3/27/1994,4/12/1994,17,924,255,54.35294118,4.691558442
1405,4/14/1994,4/27/1994,14,1039,407,74.21428571,5.484119346
1407,4/30/1994,5/11/1994,12,1128,386,94,4.106382979
1409,5/13/1994,5/28/1994,16,8573,1950,535.8125,3.639332789
1411,5/30/1994,6/8/1994,10,595,129,59.5,2.168067227
1413,6/10/1994,7/3/1994,24,3077,401,128.2083333,3.127721807
1415,7/5/1994,7/6/1994,2,52,26,26,1
1417,7/8/1994,7/20/1994,13,657,123,50.53846154,2.433789954
1419,7/23/1994,8/1/1994,10,313,46,31.3,1.469648562
1421,8/3/1994,8/19/1994,17,1531,390,90.05882353,4.330502939
1423,8/21/1994,8/29/1994,9,893,261,99.22222222,2.630459127
1425,8/31/1994,9/4/1994,5,390,238,78,3.051282051
1427,9/6/1994,9/7/1994,2,46,24,23,1.043478261
1429,9/9/1994,9/23/1994,15,1348,523,89.86666667,5.819732938
1431,9/25/1994,11/30/1994,67,56283,10400,840.0447761,12.38029245
1433,12/2/1994,12/26/1994,25,5418,1600,216.72,7.38279808
1435,12/28/1994,1/10/1995,14,1638,706,117,6.034188034
1437,1/12/1995,1/24/1995,13,5814,1600,447.2307692,3.577571379
1439,1/26/1995,2/22/1995,28,7772,3020,277.5714286,10.88008235
1441,2/24/1995,3/11/1995,16,9603,2280,600.1875,3.798812871
1443,3/13/1995,4/2/1995,21,8856,1660,421.7142857,3.936314363
1445,4/4/1995,4/26/1995,23,9957,1830,432.9130435,4.227176861
1447,4/29/1995,4/29/1995,1,23,23,23,1
1449,5/1/1995,5/25/1995,25,2898,932,115.92,8.040027605
1451,5/27/1995,6/9/1995,14,3860,1160,275.7142857,4.207253886
1453,6/11/1995,6/24/1995,14,1252,397,89.42857143,4.439297125
1455,6/27/1995,7/14/1995,18,1250,159,69.44444444,2.2896
1457,7/16/1995,7/22/1995,7,360,116,51.42857143,2.255555556
1459,7/24/1995,7/25/1995,2,40,20,20,1
1461,7/29/1995,8/18/1995,21,2615,485,124.5238095,3.894837476
1463,8/21/1995,8/28/1995,8,542,123,67.75,1.815498155
1465,8/30/1995,9/29/1995,31,4013,810,129.4516129,6.257164216
1467,10/1/1995,10/24/1995,24,1892,685,78.83333333,8.689217759
1469,10/26/1995,11/28/1995,34,1729,217,50.85294118,4.267206478
1471,12/1/1995,12/28/1995,28,4798,1920,171.3571429,11.20466861
1473,12/30/1995,2/15/1996,48,1958,200,40.79166667,4.902962206
1475,2/17/1996,3/19/1996,32,1120,139,35,3.971428571
1477,3/22/1996,5/2/1996,42,1821,290,43.35714286,6.688632619
1479,5/4/1996,6/8/1996,36,1258,115,34.94444444,3.290937997
1481,6/10/1996,7/5/1996,26,2967,595,114.1153846,5.214020897
1483,7/7/1996,7/13/1996,7,204,31,29.14285714,1.06372549
1485,7/15/1996,7/30/1996,16,878,194,54.875,3.535307517
1487,8/1/1996,8/16/1996,16,1521,666,95.0625,7.00591716
1489,8/18/1996,9/13/1996,27,3814,876,141.2592593,6.201363398
1491,9/15/1996,10/9/1996,25,7385,1350,295.4,4.570074475
1493,10/13/1996,10/19/1996,7,231,46,33,1.393939394
1495,10/22/1996,11/5/1996,15,568,99,37.86666667,2.61443662
1497,11/7/1996,11/21/1996,15,551,146,36.73333333,3.974591652
1499,11/24/1996,12/11/1996,18,2155,656,119.7222222,5.479350348
1501,12/13/1996,1/4/1997,23,3453,1110,150.1304348,7.393570808
1503,1/7/1997,2/5/1997,30,8092,1820,269.7333333,6.747404844
1505,2/7/1997,3/8/1997,30,15312,1220,510.4,2.390282132
1507,3/10/1997,4/2/1997,24,22413,2880,933.875,3.083924508
1509,4/4/1997,4/23/1997,20,13769,1730,688.45,2.512891278
1511,4/25/1997,5/13/1997,19,7281,1020,383.2105263,2.661722291
1513,5/15/1997,6/15/1997,32,19114,2910,597.3125,4.871821701
1515,6/17/1997,7/29/1997,43,6839,1580,159.0465116,9.934200907
1517,8/1/1997,8/4/1997,4,192,98,48,2.041666667
1519,8/6/1997,9/5/1997,31,3795,1790,122.4193548,14.62187088
1521,9/7/1997,9/17/1997,11,506,178,46,3.869565217
1523,9/19/1997,11/7/1997,50,24700,3390,494,6.862348178
1525,11/10/1997,11/25/1997,16,1482,315,92.625,3.400809717
1527,11/28/1997,12/17/1997,20,17058,2430,852.9,2.84910306
1529,12/20/1997,1/3/1998,15,10617,4150,707.8,5.863238203
1531,1/5/1998,1/29/1998,25,19952,5620,798.08,7.041900561
1533,2/1/1998,3/12/1998,40,20491,2710,512.275,5.290127373
1535,3/14/1998,4/9/1998,27,3678,668,136.2222222,4.903752039
1537,4/13/1998,4/14/1998,2,61,31,30.5,1.016393443
1539,4/17/1998,5/15/1998,29,1106,154,38.13793103,4.037974684
1541,5/21/1998,5/28/1998,8,217,32,27.125,1.179723502
1543,5/31/1998,6/19/1998,20,838,200,41.9,4.77326969
1545,6/21/1998,6/24/1998,4,124,40,31,1.290322581
1547,6/26/1998,7/31/1998,36,1430,105,39.72222222,2.643356643
1549,8/3/1998,9/4/1998,33,2915,351,88.33333333,3.973584906
1551,9/6/1998,10/2/1998,27,18897,5200,699.8888889,7.429750754
1553,10/4/1998,11/6/1998,34,54898,9620,1614.647059,5.957958396
1555,11/8/1998,12/2/1998,25,48360,9560,1934.4,4.94210091
1557,12/4/1998,1/22/1999,50,8132,1310,162.64,8.054599115
1559,1/24/1999,2/18/1999,26,952,83,36.61538462,2.266806723
1561,2/20/1999,3/26/1999,35,2895,631,82.71428571,7.628670121
1563,3/28/1999,4/17/1999,21,1042,177,49.61904762,3.567178503
1565,4/19/1999,4/21/1999,3,70,24,23.33333333,1.028571429
1567,4/23/1999,4/23/1999,1,23,23,23,1
1569,4/25/1999,5/8/1999,14,549,134,39.21428571,3.41712204
1571,5/10/1999,5/21/1999,12,4432,2130,369.3333333,5.767148014
1573,5/23/1999,5/25/1999,3,110,39,36.66666667,1.063636364
1575,5/27/1999,6/5/1999,10,785,250,78.5,3.184713376
1577,6/7/1999,6/30/1999,24,2456,380,102.3333333,3.713355049
1579,7/3/1999,7/30/1999,28,2575,320,91.96428571,3.47961165
1581,8/1/1999,8/18/1999,18,767,68,42.61111111,1.595827901
1583,8/21/1999,9/17/1999,28,1394,249,49.78571429,5.00143472
1585,9/19/1999,9/22/1999,4,96,25,24,1.041666667
1587,9/24/1999,9/24/1999,1,23,23,23,1
1589,9/26/1999,10/16/1999,21,856,197,40.76190476,4.832943925
1591,10/18/1999,11/5/1999,19,570,64,30,2.133333333
1593,11/7/1999,11/30/1999,24,1216,375,50.66666667,7.401315789
1595,12/2/1999,1/6/2000,36,1445,177,40.13888889,4.409688581
1597,1/8/2000,2/19/2000,43,2083,314,48.44186047,6.48199712
1599,2/21/2000,3/8/2000,17,758,226,44.58823529,5.068601583
1601,3/11/2000,3/28/2000,18,731,95,40.61111111,2.339261286
1603,3/30/2000,3/30/2000,1,28,28,28,1
1605,4/1/2000,4/10/2000,10,2019,957,201.9,4.739970282
1607,4/12/2000,4/25/2000,14,793,219,56.64285714,3.866330391
1609,4/27/2000,4/28/2000,2,49,25,24.5,1.020408163
1611,4/30/2000,5/17/2000,18,3802,1640,211.2222222,7.764334561
1613,5/19/2000,5/29/2000,11,8127,4330,738.8181818,5.86071121
1615,5/31/2000,6/7/2000,8,791,245,98.875,2.477876106
1617,6/9/2000,6/29/2000,21,1633,244,77.76190476,3.137783221
1619,7/1/2000,7/27/2000,27,1099,113,40.7037037,2.776160146
1621,7/29/2000,9/7/2000,41,1901,121,46.36585366,2.609679116
1623,9/9/2000,9/19/2000,11,917,233,83.36363636,2.794983642
1625,9/21/2000,10/3/2000,13,833,297,64.07692308,4.635054022
1627,10/5/2000,12/11/2000,68,18656,2570,274.3529412,9.367495712
1629,12/13/2000,1/8/2001,27,3307,683,122.4814815,5.57635319
1631,1/10/2001,1/27/2001,18,7452,952,414,2.299516908
1633,1/29/2001,2/14/2001,17,3534,1390,207.8823529,6.68647425
1635,2/16/2001,3/25/2001,38,17893,2080,470.8684211,4.417369921
1637,3/27/2001,4/14/2001,19,10644,2580,560.2105263,4.605411499
1639,4/16/2001,4/28/2001,13,1845,498,141.9230769,3.508943089
1641,5/1/2001,5/19/2001,19,3304,1010,173.8947368,5.80811138
1643,5/21/2001,5/21/2001,1,39,39,39,1
1645,5/23/2001,6/2/2001,11,564,102,51.27272727,1.989361702
1647,6/4/2001,7/11/2001,38,46437,14600,1222.026316,11.94736955
1649,7/13/2001,7/23/2001,11,598,93,54.36363636,1.710702341
1651,7/26/2001,8/4/2001,10,941,265,94.1,2.816153029
1653,8/6/2001,8/23/2001,18,1715,461,95.27777778,4.838483965
1655,8/25/2001,9/18/2001,25,13851,1300,554.04,2.346400982
1657,9/20/2001,10/3/2001,14,7013,3860,500.9285714,7.705689434
1659,10/5/2001,11/14/2001,41,15899,2970,387.7804878,7.658972262
1661,11/16/2001,1/3/2002,49,20788,2530,424.244898,5.963536656
1663,1/5/2002,1/22/2002,18,1606,346,89.22222222,3.877957659
1665,1/24/2002,2/15/2002,23,1751,223,76.13043478,2.929183324
1667,2/17/2002,3/14/2002,26,1584,175,60.92307692,2.872474747
1669,3/16/2002,4/1/2002,17,1095,159,64.41176471,2.468493151
1671,4/3/2002,5/15/2002,43,9538,3060,221.8139535,13.79534494
1673,5/17/2002,6/5/2002,20,1023,157,51.15,3.069403715
1675,6/7/2002,7/7/2002,31,3637,506,117.3225806,4.312895243
1677,7/9/2002,7/11/2002,3,209,106,69.66666667,1.5215311
1679,7/13/2002,8/1/2002,20,4761,1420,238.05,5.965133375
1681,8/3/2002,9/1/2002,30,8549.7,2280,284.99,8.000280712
1683,9/3/2002,9/13/2002,11,2064.7,892,187.7,4.752264251
1685,9/15/2002,10/4/2002,20,5091,2830,254.55,11.11765861
1687,10/6/2002,10/17/2002,12,1728.9,462,144.075,3.206663196
1689,10/19/2002,11/30/2002,43,53043,5930,1233.55814,4.807231868
1691,12/2/2002,12/21/2002,20,6716.1,1450,335.805,4.317982162
1693,12/23/2002,1/10/2003,19,8314.5,1380,437.6052632,3.153526971
1695,1/12/2003,1/23/2003,12,2314,454,192.8333333,2.354364736
1697,1/25/2003,2/4/2003,11,1857.8,590,168.8909091,3.493379266
1699,2/6/2003,4/18/2003,72,15712.3,1290,218.2263889,5.911292427
1701,4/20/2003,5/24/2003,35,1811.8,363,51.76571429,7.012363396
1703,5/26/2003,7/13/2003,49,5839.4,731,119.1714286,6.134020619
1705,7/15/2003,8/5/2003,22,1340.2,426,60.91818182,6.992986121
1707,8/7/2003,8/25/2003,19,1221.8,291,64.30526316,4.525290555
1709,8/27/2003,10/2/2003,37,8565.9,2490,231.5108108,10.75543726
1711,10/4/2003,10/20/2003,17,10036.7,3180,590.3941176,5.386232527
1713,10/22/2003,11/13/2003,23,3790.7,1180,164.8130435,7.159627509
1715,11/15/2003,12/6/2003,22,17570.7,6730,798.6681818,8.426528254
1717,12/8/2003,12/26/2003,19,4013.2,1410,211.2210526,6.675470946
1719,12/28/2003,1/6/2004,10,1141.2,414,114.12,3.627760252
1721,1/8/2004,2/8/2004,32,22526.8,4440,703.9625,6.307154145
1723,2/10/2004,2/20/2004,11,8626,1610,784.1818182,2.053095293
1725,2/22/2004,4/2/2004,41,6456.6,1300,157.4780488,8.255118793
1727,4/4/2004,4/22/2004,19,5062.1,2200,266.4263158,8.257442563
1729,4/24/2004,6/1/2004,39,35148.5,3470,901.2435897,3.85023543
1731,6/3/2004,7/19/2004,47,31187.6,2400,663.5659574,3.61682207
1733,7/21/2004,8/16/2004,27,2783.6,299,103.0962963,2.900201178
1735,8/18/2004,9/29/2004,43,5115,1390,118.9534884,11.68523949
1737,10/1/2004,10/16/2004,16,2254.7,594,140.91875,4.215194926
1739,10/18/2004,11/13/2004,27,5384.6,1450,199.4296296,7.270735059
1741,11/15/2004,1/9/2005,56,43094.1,5790,769.5375,7.523999805
1743,1/11/2005,2/21/2005,42,24412.9,2130,581.2595238,3.664456087
1745,2/23/2005,3/17/2005,23,10732.8,1560,466.6434783,3.343023256
1747,3/19/2005,4/6/2005,19,2757.2,771,145.1157895,5.312998694
1749,4/8/2005,4/23/2005,16,1562.3,600,97.64375,6.144786533
1751,4/25/2005,5/26/2005,32,3583.2,1250,111.975,11.16320607
1753,5/28/2005,6/12/2005,16,956.5,228,59.78125,3.813904861
1755,6/14/2005,6/28/2005,15,538.7,64.9,35.91333333,1.807128272
1757,6/30/2005,8/2/2005,34,10423,2020,306.5588235,6.589273722
1759,8/4/2005,8/12/2005,9,993.1,261,110.3444444,2.365320713
1761,8/14/2005,8/26/2005,13,1213.9,211,93.37692308,2.25965895
1763,8/28/2005,9/8/2005,12,2000.6,599,166.7166667,3.592922123
1765,9/10/2005,9/17/2005,8,457.7,98,57.2125,1.712912388
1767,9/19/2005,10/8/2005,20,959.4,159,47.97,3.314571607
1769,10/10/2005,10/24/2005,15,810,175,54,3.240740741
1771,10/26/2005,11/23/2005,29,1913.4,366,65.97931034,5.547193478
1773,11/25/2005,12/1/2005,7,722.3,309,103.1857143,2.994600581
1775,12/3/2005,12/10/2005,8,310.8,48.3,38.85,1.243243243
1777,12/12/2005,1/6/2006,26,6652,3310,255.8461538,12.93746242
1779,1/8/2006,2/7/2006,31,2833.2,393,91.39354839,4.30008471
1781,2/9/2006,2/23/2006,15,1304.3,380,86.95333333,4.370160239
1783,2/25/2006,3/14/2006,18,1037.2,231,57.62222222,4.008870035
1785,3/16/2006,3/24/2006,9,356.4,78.4,39.6,1.97979798
1787,3/26/2006,4/8/2006,14,1211.5,315,86.53571429,3.640115559
1789,4/10/2006,5/24/2006,45,6370.8,1200,141.5733333,8.476172537
1791,5/26/2006,6/10/2006,16,4421.2,1970,276.325,7.129286167
1793,6/12/2006,6/29/2006,18,7906.5,2750,439.25,6.260671599
1795,7/1/2006,7/19/2006,19,10235.8,3000,538.7263158,5.568690283
1797,7/21/2006,8/16/2006,27,8744.5,2620,323.8703704,8.089656355
1799,8/18/2006,9/7/2006,21,2207.2,354,105.1047619,3.368068141
1801,9/9/2006,10/8/2006,30,2735.3,371,91.17666667,4.069023507
1803,10/10/2006,10/24/2006,15,27277,7240,1818.466667,3.981376251
1805,10/26/2006,11/24/2006,30,14128.9,3840,470.9633333,8.15350098
1807,11/26/2006,12/8/2006,13,742.9,209,57.14615385,3.657289003
1809,12/10/2006,1/12/2007,34,10064.1,1510,296.0029412,5.101300663
1811,1/14/2007,3/3/2007,49,17256.3,1420,352.1693878,4.032150577
1813,3/5/2007,3/25/2007,21,15703.8,4350,747.8,5.817063386
1815,3/27/2007,4/16/2007,21,8774,944,417.8095238,2.259402781
1817,4/18/2007,4/23/2007,6,591.1,265,98.51666667,2.689900186
1819,4/25/2007,5/19/2007,25,10035.4,1620,401.416,4.035713574
1821,5/21/2007,6/9/2007,20,8104.7,1690,405.235,4.170419633
1823,6/11/2007,7/12/2007,32,24521.2,1970,766.2875,2.570836664
1825,7/14/2007,8/13/2007,31,19699.9,2210,635.4806452,3.477682628
1827,8/15/2007,8/24/2007,10,2618.4,992,261.84,3.788573174
1829,8/26/2007,10/3/2007,39,6044.9,787,154.9974359,5.07750335
1831,10/5/2007,10/13/2007,9,668,200,74.22222222,2.694610778
1833,10/15/2007,11/14/2007,31,9938.9,4800,320.6096774,14.97147572
1835,11/17/2007,12/8/2007,22,12037,3730,547.1363636,6.817313284
1837,12/10/2007,12/24/2007,15,1199,249,79.93333333,3.115095913
1839,12/26/2007,1/11/2008,17,541.7,66.4,31.86470588,2.083810227
1841,1/13/2008,2/9/2008,28,7841.8,1720,280.0642857,6.141447117
1843,2/11/2008,3/1/2008,20,9404.4,1600,470.22,3.402662583
1845,3/3/2008,4/15/2008,44,6175.6,835,140.3545455,5.949219509
1847,4/17/2008,5/3/2008,17,1482.2,391,87.18823529,4.484549993
1849,5/5/2008,5/25/2008,21,5740,2800,273.3333333,10.24390244
1851,5/27/2008,6/3/2008,8,443.9,148,55.4875,2.667267403
1853,6/5/2008,6/18/2008,14,939.4,214,67.1,3.189269747
1855,6/20/2008,7/3/2008,14,1815.1,320,129.65,2.468183571
1857,7/5/2008,7/14/2008,10,584.1,80.1,58.41,1.371340524
1859,7/16/2008,8/1/2008,17,1879,471,110.5294118,4.261309207
1861,8/3/2008,8/14/2008,12,3890.2,1420,324.1833333,4.38023752
1863,8/16/2008,9/6/2008,22,5144,814,233.8181818,3.481337481
1865,9/8/2008,10/5/2008,28,30076.6,10700,1074.164286,9.96123232
1867,10/7/2008,11/8/2008,33,6038.2,1300,182.9757576,7.104766321
1869,11/10/2008,12/4/2008,25,8649.7,3530,345.988,10.20266599
1871,12/6/2008,12/21/2008,16,769.7,97.6,48.10625,2.028842406
1873,12/23/2008,12/31/2008,9,518.1,119,57.56666667,2.0671685
1875,1/3/2009,1/23/2009,21,981.9,135,46.75714286,2.887259395
1877,1/25/2009,2/27/2009,34,1945.6,261,57.22352941,4.561060855
1879,3/1/2009,3/22/2009,22,2799.4,837,127.2454545,6.577838108
1881,3/24/2009,4/9/2009,17,2184.3,863,128.4882353,6.716568237
1883,4/11/2009,5/14/2009,34,52867.8,9830,1554.935294,6.321806468
1885,5/16/2009,6/4/2009,20,2582.3,593,129.115,4.592804864
1887,6/6/2009,6/23/2009,18,850.1,59.9,47.22777778,1.268321374
1889,6/25/2009,7/4/2009,10,396.4,40.8,39.64,1.02926337
1891,7/6/2009,7/15/2009,10,899.2,415,89.92,4.615213523
1893,7/17/2009,8/7/2009,22,3101.4,559,140.9727273,3.965305991
1895,8/9/2009,9/1/2009,24,1213.5,145,50.5625,2.867737948
1897,9/3/2009,9/19/2009,17,1997.1,533,117.4764706,4.537078764
1899,9/21/2009,9/30/2009,10,2095.6,661,209.56,3.154227906
1901,10/2/2009,10/19/2009,18,6383.3,1290,354.6277778,3.637616907
1903,10/21/2009,11/13/2009,24,17796.7,5830,741.5291667,7.862131744
1905,11/15/2009,11/27/2009,13,1088.7,373,83.74615385,4.453935887
1907,11/29/2009,12/21/2009,23,6263.6,1200,272.3304348,4.406411648
1909,12/23/2009,1/13/2010,22,7624.8,1330,346.5818182,3.837477704
1911,1/15/2010,1/26/2010,12,900.7,211,75.05833333,2.811146886
1913,1/28/2010,2/27/2010,31,15162.2,2410,489.1032258,4.927385208
1915,3/1/2010,3/18/2010,18,1859.2,447,103.2888889,4.327667814
1917,3/20/2010,4/16/2010,28,2476.5,466,88.44642857,5.268726025
1919,4/18/2010,5/8/2010,21,3294.8,1520,156.8952381,9.687993201
1921,5/10/2010,5/29/2010,20,4276.5,1400,213.825,6.547410265
1923,5/31/2010,6/22/2010,23,1938.3,303,84.27391304,3.595418666
1925,6/24/2010,7/15/2010,22,9780.1,3120,444.55,7.018333146
1927,7/17/2010,8/12/2010,27,4306.7,653,159.5074074,4.093853763
1929,8/14/2010,8/27/2010,14,1315.4,621,93.95714286,6.609396381
1931,8/29/2010,9/18/2010,21,5709.3,1740,271.8714286,6.400084073
1933,9/20/2010,10/14/2010,25,1486.2,398,59.448,6.694926659
1935,10/16/2010,10/28/2010,13,415.8,33.3,31.98461538,1.041125541
1937,10/30/2010,11/20/2010,22,2000.3,690,90.92272727,7.588861671
1939,11/22/2010,12/22/2010,31,1321.9,93.4,42.64193548,2.190332098
1941,12/24/2010,1/21/2011,29,4925.7,757,169.8517241,4.456828471
1943,1/24/2011,1/29/2011,6,1456,722,242.6666667,2.975274725
1945,2/1/2011,3/1/2011,29,1397.6,134,48.19310345,2.780480824
1947,3/3/2011,3/23/2011,21,1904.7,446,90.7,4.917309813
1949,3/25/2011,4/15/2011,22,1014,198,46.09090909,4.295857988
1951,4/17/2011,4/28/2011,12,399.6,36.9,33.3,1.108108108
1953,4/30/2011,5/5/2011,6,184.6,33,30.76666667,1.072589382
1955,5/7/2011,6/3/2011,28,1106,188,39.5,4.759493671
1957,6/5/2011,8/6/2011,63,3690.2,422,58.57460317,7.204487562
1959,8/8/2011,9/9/2011,33,1428.7,234,43.29393939,5.404913558
1961,9/11/2011,10/5/2011,25,1556.9,255,62.276,4.094675316
1963,10/7/2011,10/21/2011,15,3500.3,1470,233.3533333,6.299460046
1965,10/24/2011,11/4/2011,12,482.9,120,40.24166667,2.981983848
1967,11/6/2011,12/17/2011,42,4753.7,623,113.1833333,5.504343985
1969,12/19/2011,1/7/2012,20,5311.1,1780,265.555,6.702942893
1971,1/9/2012,1/20/2012,12,2189.4,624,182.45,3.4201151
1973,1/22/2012,2/8/2012,18,10295.2,2390,571.9555556,4.178646359
1975,2/10/2012,3/5/2012,25,10965.4,2960,438.616,6.748499827
1977,3/7/2012,4/13/2012,38,14229.8,2140,374.4684211,5.7147676
1979,4/15/2012,5/4/2012,20,2279.4,675,113.97,5.922611213
1981,5/6/2012,5/23/2012,18,1370.4,293,76.13333333,3.848511384
1983,5/25/2012,6/28/2012,35,5512.6,1380,157.5028571,8.761745819
1985,6/30/2012,8/15/2012,47,42854.6,7540,911.8,8.269357315
1987,8/17/2012,9/10/2012,25,4580,1490,183.2,8.133187773
1989,9/12/2012,9/25/2012,14,1891.6,658,135.1142857,4.869951364
1991,9/27/2012,10/8/2012,12,1343.1,615,111.925,5.494750949
1993,10/10/2012,11/1/2012,23,1652.7,365,71.85652174,5.07956677
1995,11/3/2012,11/9/2012,7,431.7,182,61.67142857,2.951123465
1997,11/11/2012,11/17/2012,7,194.4,32.2,27.77142857,1.159465021
1999,11/19/2012,11/29/2012,11,296,30.7,26.90909091,1.140878378
2001,12/1/2012,12/12/2012,12,453.2,82.7,37.76666667,2.189761695
2003,12/14/2012,12/29/2012,16,905.7,234,56.60625,4.133819145
2005,12/31/2012,2/1/2013,33,7442.9,1970,225.5424242,8.73449865
2007,2/3/2013,3/6/2013,32,2495.3,261,77.978125,3.347092534
2009,3/8/2013,3/13/2013,6,362.5,119,60.41666667,1.969655172
2011,3/15/2013,3/28/2013,14,496.7,46.1,35.47857143,1.299375881
2013,3/30/2013,4/25/2013,27,2793.7,866,103.4703704,8.369545764
2015,4/27/2013,5/8/2013,12,1773.7,567,147.8083333,3.836048937
2017,5/10/2013,5/26/2013,17,1128.9,198,66.40588235,2.981663566
2019,5/28/2013,7/3/2013,37,2681.3,450,72.46756757,6.209674412
2021,7/5/2013,7/11/2013,7,289.6,67,41.37142857,1.619475138
2023,7/13/2013,8/1/2013,20,3535.1,797,176.755,4.509066222
2025,8/3/2013,10/9/2013,68,8200.6,2730,120.5970588,22.637368
2027,10/12/2013,10/25/2013,14,4123.5,1890,294.5357143,6.416878865
2029,10/27/2013,11/19/2013,24,12915.4,3390,538.1416667,6.299456463
2031,11/21/2013,12/18/2013,28,6067.9,1230,216.7107143,5.675769212
2033,12/20/2013,1/3/2014,15,842.5,202,56.16666667,3.596439169
2035,1/5/2014,1/21/2014,17,2081.2,448,122.4235294,3.659427254
2037,1/23/2014,1/31/2014,9,465.1,157,51.67777778,3.038056332
2039,2/2/2014,2/17/2014,16,906.3,168,56.64375,2.965905329
2041,2/19/2014,4/10/2014,51,8516.1,956,166.9823529,5.725155881
2043,4/12/2014,5/2/2014,21,874.2,141,41.62857143,3.387096774
2045,5/4/2014,5/24/2014,21,8248.6,3320,392.7904762,8.452343428
2047,5/26/2014,6/16/2014,22,29579,6340,1344.5,4.715507624
2049,6/18/2014,7/10/2014,23,4431.1,447,192.6565217,2.320191375
2051,7/12/2014,7/27/2014,16,1425.8,246,89.1125,2.760555478
2053,7/29/2014,8/14/2014,17,1433.4,535,84.31764706,6.345053718
2055,8/16/2014,8/27/2014,12,533.9,75.6,44.49166667,1.699194606
2057,8/29/2014,10/1/2014,34,10351.6,2130,304.4588235,6.996019939
2059,10/3/2014,10/31/2014,29,4229.3,626,145.837931,4.292436101
2061,11/2/2014,12/10/2014,39,3335.4,588,85.52307692,6.875337291
2063,12/12/2014,1/9/2015,29,7458.1,1690,257.1758621,6.571378769
2065,1/11/2015,1/18/2015,8,989.6,238,123.7,1.924009701
2067,1/20/2015,2/13/2015,25,2661.8,493,106.472,4.630325344
2069,2/15/2015,4/8/2015,53,17501.9,2830,330.2245283,8.569926694
2071,4/10/2015,5/9/2015,30,13380.2,2960,446.0066667,6.636672098
2073,5/11/2015,6/11/2015,32,50521,6830,1578.78125,4.326121811
2075,6/13/2015,8/4/2015,53,18680.6,3400,352.4641509,9.646371102
2077,8/6/2015,8/31/2015,26,3900.8,802,150.0307692,5.345570139
2079,9/2/2015,10/17/2015,46,4764.7,791,103.5804348,7.636577329
2081,10/19/2015,11/15/2015,28,16300,4920,582.1428571,8.451533742
2083,11/17/2015,11/26/2015,10,4230.8,1190,423.08,2.812706817
2085,11/28/2015,12/10/2015,13,1730.1,387,133.0846154,2.907924397
2087,12/12/2015,12/25/2015,14,7360.7,2130,525.7642857,4.051245126
2089,12/27/2015,1/4/2016,9,2354.4,627,261.6,2.396788991
2091,1/6/2016,2/17/2016,43,6835.4,2460,158.9627907,15.47531966
2093,2/19/2016,3/5/2016,16,2940.1,1000,183.75625,5.441991769
2095,3/7/2016,4/9/2016,34,24673.9,4650,725.7029412,6.40758048
2097,4/11/2016,5/7/2016,27,76436.8,13500,2830.992593,4.768645469
2099,5/9/2016,7/13/2016,66,76299.4,9300,1156.051515,8.044624204
2101,7/15/2016,8/11/2016,28,3265.7,667,116.6321429,5.718835166
2103,8/13/2016,9/21/2016,40,23488.9,5000,587.2225,8.514660116
2105,9/23/2016,10/8/2016,16,1624.8,486,101.55,4.785819793
2107,10/10/2016,10/28/2016,19,929.3,142,48.91052632,2.903260519
2109,10/30/2016,11/20/2016,22,3653.5,1220,166.0681818,7.346380183
2111,11/23/2016,12/29/2016,37,11450.7,2290,309.4783784,7.399547626
2113,12/31/2016,1/11/2017,12,4610.4,1690,384.2,4.398750651
2115,1/13/2017,2/10/2017,29,14705.6,3210,507.0896552,6.330241541
2117,2/12/2017,3/3/2017,20,8194.7,1410,409.735,3.441248612
2119,3/5/2017,3/22/2017,18,3734.2,693,207.4555556,3.340474533
2121,3/24/2017,3/27/2017,4,446.7,226,111.675,2.023729572
2123,3/29/2017,4/8/2017,11,3808.8,1890,346.2545455,5.458412098
2125,4/10/2017,5/17/2017,38,4255.4,705,111.9842105,6.295530385
2127,5/19/2017,6/20/2017,33,4840.8,799,146.6909091,5.446826971
2129,6/22/2017,7/4/2017,13,1538.4,402,118.3384615,3.397035881
2131,7/6/2017,7/31/2017,26,7926.8,2490,304.8769231,8.167230156
2133,8/2/2017,8/22/2017,21,12335.9,5520,587.4238095,9.396963335
2135,8/24/2017,9/16/2017,24,121223,29700,5050.958333,5.880072264
2137,9/18/2017,9/30/2017,13,3513.4,806,270.2615385,2.982296351
2139,10/2/2017,10/17/2017,16,1837.6,307,114.85,2.673051807
2141,10/19/2017,10/29/2017,11,1991.4,651,181.0363636,3.595962639
2143,10/31/2017,11/24/2017,25,3748.8,1470,149.952,9.803137004
2145,11/26/2017,1/5/2018,41,8578.7,908,209.2365854,4.339585252
2147,1/7/2018,1/24/2018,18,4244.7,842,235.8166667,3.570570358
2149,1/26/2018,2/5/2018,11,2135.5,555,194.1363636,2.858815266
2151,2/7/2018,3/23/2018,45,17514.6,1710,389.2133333,4.393477442
2153,3/25/2018,4/12/2018,19,12301.8,4450,647.4631579,6.872977938
2155,4/14/2018,4/19/2018,6,1103,512,183.8333333,2.78513146
2157,4/21/2018,5/18/2018,28,2508.4,877,89.58571429,9.789507256
2159,5/20/2018,6/7/2018,19,7270.9,1650,382.6789474,4.311708317
2161,6/9/2018,7/1/2018,23,9566.8,2060,415.9478261,4.952544215
2163,7/3/2018,7/28/2018,26,9999.2,2870,384.5846154,7.462597008
2165,7/30/2018,8/25/2018,27,3517.2,465,130.2666667,3.569600819
2167,8/27/2018,9/7/2018,12,1907.5,635,158.9583333,3.994757536
2169,9/9/2018,9/18/2018,10,1901.6,417,190.16,2.192890198
2171,9/20/2018,10/13/2018,24,7836.1,1580,326.5041667,4.83914192
2173,10/15/2018,10/29/2018,15,3509.5,692,233.9666667,2.95768628
2175,10/31/2018,11/16/2018,17,9099.4,2760,535.2588235,5.156383937
2177,11/18/2018,12/3/2018,16,1528.9,292,95.55625,3.055791746
2179,12/5/2018,12/24/2018,20,17748.6,5160,887.43,5.814543119
2181,12/26/2018,1/17/2019,23,23758,2740,1032.956522,2.652580184
2183,1/19/2019,2/17/2019,30,8447,1140,281.5666667,4.048774713
2185,2/19/2019,4/2/2019,43,3700.7,304,86.0627907,3.532304699
2187,4/4/2019,4/16/2019,13,1999,536,153.7692308,3.485742871
2189,4/18/2019,4/27/2019,10,2729.3,1290,272.93,4.726486645
2191,4/29/2019,5/26/2019,28,15557.5,2300,555.625,4.139482565
2193,5/28/2019,6/12/2019,16,1583.1,589,98.94375,5.952877266
2195,6/14/2019,7/11/2019,28,10294.8,2010,367.6714286,5.466837627
2197,7/13/2019,7/23/2019,11,832.1,201,75.64545455,2.657132556
2199,7/25/2019,8/10/2019,17,773.3,137,45.48823529,3.011767749
2201,8/12/2019,9/6/2019,26,1405.3,318,54.05,5.883441258
2203,9/8/2019,10/8/2019,31,8708.7,3760,280.9258065,13.38431683
2205,10/10/2019,12/6/2019,58,9882.8,1560,170.3931034,9.155300117
2207,12/8/2019,12/25/2019,18,802.2,150,44.56666667,3.365744203
2209,12/27/2019,1/9/2020,14,1077.8,262,76.98571429,3.403228799
2211,1/11/2020,1/20/2020,10,1535.1,716,153.51,4.664191258
2213,1/22/2020,2/7/2020,17,1960.9,544,115.3470588,4.716201744
2215,2/9/2020,2/28/2020,20,980.8,135,49.04,2.752854812
2217,3/1/2020,3/18/2020,18,598.3,84.9,33.23888889,2.554237005
2219,3/20/2020,4/1/2020,13,3739.1,1070,287.6230769,3.720146559
2221,4/3/2020,4/16/2020,14,1961.7,491,140.1214286,3.504103584
2223,4/18/2020,5/9/2020,22,2040.5,684,92.75,7.374663073
2225,5/11/2020,6/13/2020,34,8193.2,1180,240.9764706,4.896743641
2227,6/15/2020,7/16/2020,32,9717.7,2720,303.678125,8.95685193
2229,7/18/2020,8/14/2020,28,5387.1,659,192.3964286,3.425219506
2231,8/16/2020,8/21/2020,6,917.1,591,152.85,3.866535819
2233,8/23/2020,9/18/2020,27,3780.3,387,140.0111111,2.764066344
